[{
  "id": 1,
  "name": "Pacara Earpod Tree",
  "brand": "New Balance",
  "description": "Aenean lectus. Pellentesque eget nunc. Donec quis orci eget orci vehicula condimentum.\n\nCurabitur in libero ut massa volutpat convallis. Morbi odio odio, elementum eu, interdum eu, tincidunt in, leo. Maecenas pulvinar lobortis est.\n\nPhasellus sit amet erat. Nulla tempus. Vivamus in felis eu sapien cursus vestibulum.\n\nProin eu mi. Nulla ac enim. In tempor, turpis nec euismod scelerisque, quam turpis adipiscing lorem, vitae mattis nibh ligula nec sem.",
  "gender": "Male",
  "category": [
    "football",
    "tennis"
  ],
  "on-sale": 44,
  "colors": [
    "black"
  ],
  "sizes": [
    34,
    35
  ],
  "price": 9765,
  "image": [
    "zapatilla1.jpg",
    "product.jpg",
    "img-product-01.jpg",
    "zapatilla4.jpg"
  ],
  "stock": 61
}, {
  "id": 2,
  "name": "Sanionia Moss",
  "brand": "Puma",
  "description": "In quis justo. Maecenas rhoncus aliquam lacus. Morbi quis tortor id nulla ultrices aliquet.\n\nMaecenas leo odio, condimentum id, luctus nec, molestie sed, justo. Pellentesque viverra pede ac diam. Cras pellentesque volutpat dui.",
  "gender": "Male",
  "category": [
    "football",
    "tennis",
    "collection"
  ],
  "on-sale": 3,
  "colors": [
    "black"
  ],
  "sizes": [
    34,
    35,
    36,
    37,
    38,
    39,
    40,
    41
  ],
  "price": 7362,
  "image": [
    "img-product-01.jpg",
    "zapatilla4.jpg",
    "zapatilla1.jpg",
    "zapatilla3.jpg"
  ],
  "stock": 18
}, {
  "id": 3,
  "name": "Tweedy's Plantain",
  "brand": "Puma",
  "description": "Quisque porta volutpat erat. Quisque erat eros, viverra eget, congue eget, semper rutrum, nulla. Nunc purus.\n\nPhasellus in felis. Donec semper sapien a libero. Nam dui.\n\nProin leo odio, porttitor id, consequat in, consequat ut, nulla. Sed accumsan felis. Ut at dolor quis odio consequat varius.\n\nInteger ac leo. Pellentesque ultrices mattis odio. Donec vitae nisi.",
  "gender": "Male",
  "category": [
    "football"
  ],
  "on-sale": 3,
  "colors": [
    "black"
  ],
  "sizes": [
    34,
    35,
    36,
    37,
    38,
    39,
    40,
    41,
    42
  ],
  "price": 8262,
  "image": [
    "img-product-05.jpg",
    "zapatilla4.jpg",
    "zapatilla1.jpg",
    "zapanike2020.jpg"
  ],
  "stock": 70
}, {
  "id": 4,
  "name": "Jubaea",
  "brand": "Nike",
  "description": "Pellentesque at nulla. Suspendisse potenti. Cras in purus eu magna vulputate luctus.\n\nCum sociis natoque penatibus et magnis dis parturient montes, nascetur ridiculus mus. Vivamus vestibulum sagittis sapien. Cum sociis natoque penatibus et magnis dis parturient montes, nascetur ridiculus mus.\n\nEtiam vel augue. Vestibulum rutrum rutrum neque. Aenean auctor gravida sem.",
  "gender": "Male",
  "category": [
    "football",
    "tennis",
    "collection"
  ],
  "on-sale": 34,
  "colors": [
    "black",
    "white",
    "yellow",
    "green",
    "gray",
    "red"
  ],
  "sizes": [
    34,
    35
  ],
  "price": 9507,
  "image": [
    "img-product-04.jpg",
    "zapatilla3.jpg",
    "zapatilla4.jpg",
    "zapanike2020.jpg"
  ],
  "stock": 25
}, {
  "id": 5,
  "name": "Eastwood's Manzanita",
  "brand": "Adidas",
  "description": "Duis aliquam convallis nunc. Proin at turpis a pede posuere nonummy. Integer non velit.\n\nDonec diam neque, vestibulum eget, vulputate ut, ultrices vel, augue. Vestibulum ante ipsum primis in faucibus orci luctus et ultrices posuere cubilia Curae; Donec pharetra, magna vestibulum aliquet ultrices, erat tortor sollicitudin mi, sit amet lobortis sapien sapien non mi. Integer ac neque.\n\nDuis bibendum. Morbi non quam nec dui luctus rutrum. Nulla tellus.\n\nIn sagittis dui vel nisl. Duis ac nibh. Fusce lacus purus, aliquet at, feugiat non, pretium quis, lectus.",
  "gender": "Male",
  "category": [
    "football",
    "tennis",
    "collection"
  ],
  "on-sale": 45,
  "colors": [
    "black",
    "white",
    "yellow",
    "green",
    "gray",
    "red",
    "blue"
  ],
  "sizes": [
    34,
    35,
    36
  ],
  "price": 4100,
  "image": [
    "img-product-01.jpg",
    "zapatilla1.jpg",
    "zapanike2020.jpg",
    "img-product-04.jpg"
  ],
  "stock": 98
}, {
  "id": 6,
  "name": "Mountain Threadplant",
  "brand": "Adidas",
  "description": "Curabitur gravida nisi at nibh. In hac habitasse platea dictumst. Aliquam augue quam, sollicitudin vitae, consectetuer eget, rutrum at, lorem.\n\nInteger tincidunt ante vel ipsum. Praesent blandit lacinia erat. Vestibulum sed magna at nunc commodo placerat.\n\nPraesent blandit. Nam nulla. Integer pede justo, lacinia eget, tincidunt eget, tempus vel, pede.\n\nMorbi porttitor lorem id ligula. Suspendisse ornare consequat lectus. In est risus, auctor sed, tristique in, tempus sit amet, sem.",
  "gender": "Female",
  "category": [
    "football",
    "tennis"
  ],
  "on-sale": 30,
  "colors": [
    "black",
    "white",
    "yellow",
    "green"
  ],
  "sizes": [
    34,
    35,
    36,
    37,
    38,
    39,
    40
  ],
  "price": 3250,
  "image": [
    "img-product-04.jpg",
    "zapatilla1.jpg",
    "zapatilla3.jpg",
    "zapatilla2.jpg"
  ],
  "stock": 21
}, {
  "id": 7,
  "name": "Rose Bluet",
  "brand": "Adidas",
  "description": "Nulla ut erat id mauris vulputate elementum. Nullam varius. Nulla facilisi.",
  "gender": "Female",
  "category": [
    "football"
  ],
  "on-sale": 31,
  "colors": [
    "black"
  ],
  "sizes": [
    34,
    35,
    36,
    37
  ],
  "price": 7425,
  "image": [
    "zapatilla3.jpg",
    "zapatilla2.jpg",
    "zapanike2020.jpg",
    "zapatilla4.jpg"
  ],
  "stock": 76
}, {
  "id": 8,
  "name": "Oregon Checkerbloom",
  "brand": "Puma",
  "description": "Sed ante. Vivamus tortor. Duis mattis egestas metus.\n\nAenean fermentum. Donec ut mauris eget massa tempor convallis. Nulla neque libero, convallis eget, eleifend luctus, ultricies eu, nibh.\n\nQuisque id justo sit amet sapien dignissim vestibulum. Vestibulum ante ipsum primis in faucibus orci luctus et ultrices posuere cubilia Curae; Nulla dapibus dolor vel est. Donec odio justo, sollicitudin ut, suscipit a, feugiat et, eros.",
  "gender": "Male",
  "category": [
    "football",
    "tennis",
    "collection",
    "volley"
  ],
  "on-sale": 13,
  "colors": [
    "black"
  ],
  "sizes": [
    34,
    35,
    36,
    37,
    38,
    39,
    40,
    41
  ],
  "price": 1846,
  "image": [
    "img-product-03.jpg",
    "zapatilla1.jpg",
    "zapatilla3.jpg",
    "img-product-05.jpg"
  ],
  "stock": 81
}, {
  "id": 9,
  "name": "Shortcrown Milkvine",
  "brand": "Adidas",
  "description": "Fusce consequat. Nulla nisl. Nunc nisl.\n\nDuis bibendum, felis sed interdum venenatis, turpis enim blandit mi, in porttitor pede justo eu massa. Donec dapibus. Duis at velit eu est congue elementum.",
  "gender": "Male",
  "category": [
    "football"
  ],
  "on-sale": 0,
  "colors": [
    "black",
    "white"
  ],
  "sizes": [
    34,
    35,
    36,
    37
  ],
  "price": 7550,
  "image": [
    "img-product-01.jpg",
    "zapatilla1.jpg",
    "img-product-05.jpg",
    "zapanike2020.jpg"
  ],
  "stock": 79
}, {
  "id": 10,
  "name": "Broad Beechfern",
  "brand": "Adidas",
  "description": "Etiam vel augue. Vestibulum rutrum rutrum neque. Aenean auctor gravida sem.\n\nPraesent id massa id nisl venenatis lacinia. Aenean sit amet justo. Morbi ut odio.\n\nCras mi pede, malesuada in, imperdiet et, commodo vulputate, justo. In blandit ultrices enim. Lorem ipsum dolor sit amet, consectetuer adipiscing elit.\n\nProin interdum mauris non ligula pellentesque ultrices. Phasellus id sapien in sapien iaculis congue. Vivamus metus arcu, adipiscing molestie, hendrerit at, vulputate vitae, nisl.\n\nAenean lectus. Pellentesque eget nunc. Donec quis orci eget orci vehicula condimentum.",
  "gender": "Female",
  "category": [
    "football",
    "tennis"
  ],
  "on-sale": 15,
  "colors": [
    "black",
    "white",
    "yellow",
    "green",
    "gray",
    "red"
  ],
  "sizes": [
    34,
    35,
    36,
    37
  ],
  "price": 2089,
  "image": [
    "zapatilla3.jpg",
    "zapatilla2.jpg",
    "zapatilla1.jpg",
    "product.jpg"
  ],
  "stock": 58
}, {
  "id": 11,
  "name": "Baby Blue Eyes",
  "brand": "Nike",
  "description": "Proin eu mi. Nulla ac enim. In tempor, turpis nec euismod scelerisque, quam turpis adipiscing lorem, vitae mattis nibh ligula nec sem.\n\nDuis aliquam convallis nunc. Proin at turpis a pede posuere nonummy. Integer non velit.\n\nDonec diam neque, vestibulum eget, vulputate ut, ultrices vel, augue. Vestibulum ante ipsum primis in faucibus orci luctus et ultrices posuere cubilia Curae; Donec pharetra, magna vestibulum aliquet ultrices, erat tortor sollicitudin mi, sit amet lobortis sapien sapien non mi. Integer ac neque.\n\nDuis bibendum. Morbi non quam nec dui luctus rutrum. Nulla tellus.",
  "gender": "Female",
  "category": [
    "football",
    "tennis",
    "collection"
  ],
  "on-sale": 26,
  "colors": [
    "black",
    "white",
    "yellow",
    "green",
    "gray",
    "red",
    "blue"
  ],
  "sizes": [
    34,
    35,
    36,
    37,
    38,
    39,
    40,
    41,
    42
  ],
  "price": 2026,
  "image": [
    "zapatilla2.jpg",
    "img-product-03.jpg",
    "img-product-02.jpg",
    "zapatilla1.jpg"
  ],
  "stock": 53
}, {
  "id": 12,
  "name": "Blunt Broom Sedge",
  "brand": "Nike",
  "description": "Aenean lectus. Pellentesque eget nunc. Donec quis orci eget orci vehicula condimentum.\n\nCurabitur in libero ut massa volutpat convallis. Morbi odio odio, elementum eu, interdum eu, tincidunt in, leo. Maecenas pulvinar lobortis est.\n\nPhasellus sit amet erat. Nulla tempus. Vivamus in felis eu sapien cursus vestibulum.",
  "gender": "Female",
  "category": [
    "football",
    "tennis",
    "collection",
    "volley",
    "running"
  ],
  "on-sale": 8,
  "colors": [
    "black",
    "white",
    "yellow",
    "green",
    "gray",
    "red",
    "blue"
  ],
  "sizes": [
    34,
    35,
    36,
    37,
    38,
    39,
    40,
    41
  ],
  "price": 7615,
  "image": [
    "zapatilla1.jpg",
    "zapatilla3.jpg",
    "img-product-05.jpg",
    "zapatilla1.jpg"
  ],
  "stock": 4
}, {
  "id": 13,
  "name": "Longspur Seablush",
  "brand": "Nike",
  "description": "Fusce consequat. Nulla nisl. Nunc nisl.",
  "gender": "Male",
  "category": [
    "football",
    "tennis"
  ],
  "on-sale": 39,
  "colors": [
    "black",
    "white",
    "yellow",
    "green"
  ],
  "sizes": [
    34,
    35
  ],
  "price": 7321,
  "image": [
    "zapanike2020.jpg",
    "zapatilla4.jpg",
    "img-product-04.jpg",
    "img-product-02.jpg"
  ],
  "stock": 62
}, {
  "id": 14,
  "name": "Pandanus",
  "brand": "New Balance",
  "description": "Mauris enim leo, rhoncus sed, vestibulum sit amet, cursus id, turpis. Integer aliquet, massa id lobortis convallis, tortor risus dapibus augue, vel accumsan tellus nisi eu orci. Mauris lacinia sapien quis libero.\n\nNullam sit amet turpis elementum ligula vehicula consequat. Morbi a ipsum. Integer a nibh.\n\nIn quis justo. Maecenas rhoncus aliquam lacus. Morbi quis tortor id nulla ultrices aliquet.",
  "gender": "Male",
  "category": [
    "football",
    "tennis",
    "collection"
  ],
  "on-sale": 15,
  "colors": [
    "black",
    "white",
    "yellow"
  ],
  "sizes": [
    34,
    35,
    36,
    37,
    38,
    39,
    40
  ],
  "price": 8998,
  "image": [
    "zapatilla1.jpg",
    "img-product-02.jpg",
    "zapatilla3.jpg",
    "img-product-01.jpg"
  ],
  "stock": 4
}, {
  "id": 15,
  "name": "Wright's Rosette Grass",
  "brand": "Puma",
  "description": "In hac habitasse platea dictumst. Etiam faucibus cursus urna. Ut tellus.\n\nNulla ut erat id mauris vulputate elementum. Nullam varius. Nulla facilisi.\n\nCras non velit nec nisi vulputate nonummy. Maecenas tincidunt lacus at velit. Vivamus vel nulla eget eros elementum pellentesque.\n\nQuisque porta volutpat erat. Quisque erat eros, viverra eget, congue eget, semper rutrum, nulla. Nunc purus.\n\nPhasellus in felis. Donec semper sapien a libero. Nam dui.",
  "gender": "Female",
  "category": [
    "football",
    "tennis"
  ],
  "on-sale": 14,
  "colors": [
    "black"
  ],
  "sizes": [
    34,
    35,
    36,
    37,
    38,
    39,
    40,
    41
  ],
  "price": 9105,
  "image": [
    "img-product-04.jpg",
    "zapatilla4.jpg",
    "img-product-05.jpg",
    "img-product-01.jpg"
  ],
  "stock": 32
}, {
  "id": 16,
  "name": "Amur Rose",
  "brand": "New Balance",
  "description": "Mauris enim leo, rhoncus sed, vestibulum sit amet, cursus id, turpis. Integer aliquet, massa id lobortis convallis, tortor risus dapibus augue, vel accumsan tellus nisi eu orci. Mauris lacinia sapien quis libero.\n\nNullam sit amet turpis elementum ligula vehicula consequat. Morbi a ipsum. Integer a nibh.\n\nIn quis justo. Maecenas rhoncus aliquam lacus. Morbi quis tortor id nulla ultrices aliquet.\n\nMaecenas leo odio, condimentum id, luctus nec, molestie sed, justo. Pellentesque viverra pede ac diam. Cras pellentesque volutpat dui.",
  "gender": "Female",
  "category": [
    "football",
    "tennis",
    "collection"
  ],
  "on-sale": 3,
  "colors": [
    "black",
    "white",
    "yellow",
    "green",
    "gray",
    "red",
    "blue"
  ],
  "sizes": [
    34,
    35,
    36,
    37,
    38,
    39,
    40,
    41,
    42
  ],
  "price": 5552,
  "image": [
    "img-product-05.jpg",
    "zapatilla1.jpg",
    "product.jpg",
    "zapanike2020.jpg"
  ],
  "stock": 16
}, {
  "id": 17,
  "name": "Sand Croton",
  "brand": "Adidas",
  "description": "Quisque id justo sit amet sapien dignissim vestibulum. Vestibulum ante ipsum primis in faucibus orci luctus et ultrices posuere cubilia Curae; Nulla dapibus dolor vel est. Donec odio justo, sollicitudin ut, suscipit a, feugiat et, eros.\n\nVestibulum ac est lacinia nisi venenatis tristique. Fusce congue, diam id ornare imperdiet, sapien urna pretium nisl, ut volutpat sapien arcu sed augue. Aliquam erat volutpat.",
  "gender": "Male",
  "category": [
    "football",
    "tennis",
    "collection"
  ],
  "on-sale": 34,
  "colors": [
    "black",
    "white",
    "yellow",
    "green",
    "gray",
    "red",
    "blue"
  ],
  "sizes": [
    34,
    35,
    36,
    37,
    38
  ],
  "price": 4842,
  "image": [
    "zapanike2020.jpg",
    "zapatilla3.jpg",
    "zapatilla1.jpg",
    "zapatilla1.jpg"
  ],
  "stock": 72
}, {
  "id": 18,
  "name": "Big Horseshoe Lake Dewberry",
  "brand": "Nike",
  "description": "Curabitur at ipsum ac tellus semper interdum. Mauris ullamcorper purus sit amet nulla. Quisque arcu libero, rutrum ac, lobortis vel, dapibus at, diam.",
  "gender": "Female",
  "category": [
    "football",
    "tennis"
  ],
  "on-sale": 31,
  "colors": [
    "black",
    "white",
    "yellow"
  ],
  "sizes": [
    34,
    35,
    36,
    37,
    38,
    39
  ],
  "price": 5638,
  "image": [
    "zapanike2020.jpg",
    "img-product-05.jpg",
    "zapatilla2.jpg",
    "img-product-02.jpg"
  ],
  "stock": 88
}, {
  "id": 19,
  "name": "Narrowflower Lupine",
  "brand": "Nike",
  "description": "In congue. Etiam justo. Etiam pretium iaculis justo.",
  "gender": "Female",
  "category": [
    "football",
    "tennis",
    "collection"
  ],
  "on-sale": 4,
  "colors": [
    "black",
    "white",
    "yellow",
    "green"
  ],
  "sizes": [
    34,
    35,
    36,
    37,
    38,
    39,
    40,
    41,
    42
  ],
  "price": 1036,
  "image": [
    "zapatilla1.jpg",
    "img-product-02.jpg",
    "img-product-04.jpg",
    "zapatilla4.jpg"
  ],
  "stock": 59
}, {
  "id": 20,
  "name": "Acadian Quillwort",
  "brand": "Adidas",
  "description": "In hac habitasse platea dictumst. Etiam faucibus cursus urna. Ut tellus.",
  "gender": "Female",
  "category": [
    "football"
  ],
  "on-sale": 50,
  "colors": [
    "black",
    "white",
    "yellow",
    "green",
    "gray"
  ],
  "sizes": [
    34,
    35,
    36,
    37,
    38,
    39
  ],
  "price": 4202,
  "image": [
    "product.jpg",
    "img-product-03.jpg",
    "zapatilla1.jpg",
    "img-product-01.jpg"
  ],
  "stock": 25
}, {
  "id": 21,
  "name": "Serpentine Jewelflower",
  "brand": "Adidas",
  "description": "Integer ac leo. Pellentesque ultrices mattis odio. Donec vitae nisi.",
  "gender": "Female",
  "category": [
    "football",
    "tennis",
    "collection",
    "volley"
  ],
  "on-sale": 27,
  "colors": [
    "black",
    "white",
    "yellow",
    "green",
    "gray"
  ],
  "sizes": [
    34
  ],
  "price": 9594,
  "image": [
    "img-product-05.jpg",
    "zapatilla2.jpg",
    "zapatilla1.jpg",
    "zapatilla3.jpg"
  ],
  "stock": 7
}, {
  "id": 22,
  "name": "Mogollon Mountain Lousewort",
  "brand": "Nike",
  "description": "Duis aliquam convallis nunc. Proin at turpis a pede posuere nonummy. Integer non velit.\n\nDonec diam neque, vestibulum eget, vulputate ut, ultrices vel, augue. Vestibulum ante ipsum primis in faucibus orci luctus et ultrices posuere cubilia Curae; Donec pharetra, magna vestibulum aliquet ultrices, erat tortor sollicitudin mi, sit amet lobortis sapien sapien non mi. Integer ac neque.\n\nDuis bibendum. Morbi non quam nec dui luctus rutrum. Nulla tellus.\n\nIn sagittis dui vel nisl. Duis ac nibh. Fusce lacus purus, aliquet at, feugiat non, pretium quis, lectus.\n\nSuspendisse potenti. In eleifend quam a odio. In hac habitasse platea dictumst.",
  "gender": "Female",
  "category": [
    "football",
    "tennis",
    "collection",
    "volley",
    "running"
  ],
  "on-sale": 40,
  "colors": [
    "black",
    "white",
    "yellow",
    "green"
  ],
  "sizes": [
    34,
    35,
    36,
    37,
    38
  ],
  "price": 8508,
  "image": [
    "img-product-04.jpg",
    "zapatilla1.jpg",
    "zapatilla3.jpg",
    "img-product-03.jpg"
  ],
  "stock": 77
}, {
  "id": 23,
  "name": "Loxospora Lichen",
  "brand": "Nike",
  "description": "In hac habitasse platea dictumst. Morbi vestibulum, velit id pretium iaculis, diam erat fermentum justo, nec condimentum neque sapien placerat ante. Nulla justo.\n\nAliquam quis turpis eget elit sodales scelerisque. Mauris sit amet eros. Suspendisse accumsan tortor quis turpis.\n\nSed ante. Vivamus tortor. Duis mattis egestas metus.",
  "gender": "Female",
  "category": [
    "football",
    "tennis",
    "collection",
    "volley",
    "running"
  ],
  "on-sale": 0,
  "colors": [
    "black"
  ],
  "sizes": [
    34,
    35,
    36,
    37
  ],
  "price": 6575,
  "image": [
    "zapatilla2.jpg",
    "img-product-01.jpg",
    "img-product-04.jpg",
    "img-product-05.jpg"
  ],
  "stock": 51
}, {
  "id": 24,
  "name": "Entireleaf Indian Paintbrush",
  "brand": "Adidas",
  "description": "Proin leo odio, porttitor id, consequat in, consequat ut, nulla. Sed accumsan felis. Ut at dolor quis odio consequat varius.\n\nInteger ac leo. Pellentesque ultrices mattis odio. Donec vitae nisi.\n\nNam ultrices, libero non mattis pulvinar, nulla pede ullamcorper augue, a suscipit nulla elit ac nulla. Sed vel enim sit amet nunc viverra dapibus. Nulla suscipit ligula in lacus.\n\nCurabitur at ipsum ac tellus semper interdum. Mauris ullamcorper purus sit amet nulla. Quisque arcu libero, rutrum ac, lobortis vel, dapibus at, diam.",
  "gender": "Female",
  "category": [
    "football"
  ],
  "on-sale": 17,
  "colors": [
    "black"
  ],
  "sizes": [
    34,
    35
  ],
  "price": 2465,
  "image": [
    "product.jpg",
    "zapatilla4.jpg",
    "zapatilla2.jpg",
    "zapatilla1.jpg"
  ],
  "stock": 74
}, {
  "id": 25,
  "name": "Buckbean",
  "brand": "Puma",
  "description": "Phasellus sit amet erat. Nulla tempus. Vivamus in felis eu sapien cursus vestibulum.\n\nProin eu mi. Nulla ac enim. In tempor, turpis nec euismod scelerisque, quam turpis adipiscing lorem, vitae mattis nibh ligula nec sem.\n\nDuis aliquam convallis nunc. Proin at turpis a pede posuere nonummy. Integer non velit.",
  "gender": "Female",
  "category": [
    "football"
  ],
  "on-sale": 48,
  "colors": [
    "black",
    "white",
    "yellow",
    "green",
    "gray"
  ],
  "sizes": [
    34
  ],
  "price": 7274,
  "image": [
    "img-product-01.jpg",
    "zapatilla1.jpg",
    "img-product-05.jpg",
    "zapatilla2.jpg"
  ],
  "stock": 73
}, {
  "id": 26,
  "name": "Sugar Palm",
  "brand": "Nike",
  "description": "Aliquam quis turpis eget elit sodales scelerisque. Mauris sit amet eros. Suspendisse accumsan tortor quis turpis.\n\nSed ante. Vivamus tortor. Duis mattis egestas metus.\n\nAenean fermentum. Donec ut mauris eget massa tempor convallis. Nulla neque libero, convallis eget, eleifend luctus, ultricies eu, nibh.\n\nQuisque id justo sit amet sapien dignissim vestibulum. Vestibulum ante ipsum primis in faucibus orci luctus et ultrices posuere cubilia Curae; Nulla dapibus dolor vel est. Donec odio justo, sollicitudin ut, suscipit a, feugiat et, eros.",
  "gender": "Female",
  "category": [
    "football"
  ],
  "on-sale": 14,
  "colors": [
    "black",
    "white",
    "yellow",
    "green"
  ],
  "sizes": [
    34,
    35,
    36,
    37,
    38,
    39,
    40,
    41,
    42
  ],
  "price": 7512,
  "image": [
    "img-product-05.jpg",
    "zapanike2020.jpg",
    "img-product-03.jpg",
    "zapatilla4.jpg"
  ],
  "stock": 64
}, {
  "id": 27,
  "name": "Creeping Charlie",
  "brand": "Adidas",
  "description": "Morbi non lectus. Aliquam sit amet diam in magna bibendum imperdiet. Nullam orci pede, venenatis non, sodales sed, tincidunt eu, felis.\n\nFusce posuere felis sed lacus. Morbi sem mauris, laoreet ut, rhoncus aliquet, pulvinar sed, nisl. Nunc rhoncus dui vel sem.\n\nSed sagittis. Nam congue, risus semper porta volutpat, quam pede lobortis ligula, sit amet eleifend pede libero quis orci. Nullam molestie nibh in lectus.",
  "gender": "Male",
  "category": [
    "football",
    "tennis",
    "collection",
    "volley"
  ],
  "on-sale": 8,
  "colors": [
    "black",
    "white"
  ],
  "sizes": [
    34,
    35,
    36,
    37,
    38,
    39,
    40,
    41
  ],
  "price": 4280,
  "image": [
    "zapatilla3.jpg",
    "img-product-05.jpg",
    "img-product-02.jpg",
    "product.jpg"
  ],
  "stock": 47
}, {
  "id": 28,
  "name": "Hedgemustard",
  "brand": "New Balance",
  "description": "Fusce posuere felis sed lacus. Morbi sem mauris, laoreet ut, rhoncus aliquet, pulvinar sed, nisl. Nunc rhoncus dui vel sem.\n\nSed sagittis. Nam congue, risus semper porta volutpat, quam pede lobortis ligula, sit amet eleifend pede libero quis orci. Nullam molestie nibh in lectus.",
  "gender": "Male",
  "category": [
    "football"
  ],
  "on-sale": 15,
  "colors": [
    "black",
    "white",
    "yellow"
  ],
  "sizes": [
    34,
    35,
    36,
    37
  ],
  "price": 9460,
  "image": [
    "img-product-04.jpg",
    "img-product-03.jpg",
    "zapatilla2.jpg",
    "zapatilla3.jpg"
  ],
  "stock": 61
}, {
  "id": 29,
  "name": "Georgia False Indigo",
  "brand": "Adidas",
  "description": "In sagittis dui vel nisl. Duis ac nibh. Fusce lacus purus, aliquet at, feugiat non, pretium quis, lectus.\n\nSuspendisse potenti. In eleifend quam a odio. In hac habitasse platea dictumst.\n\nMaecenas ut massa quis augue luctus tincidunt. Nulla mollis molestie lorem. Quisque ut erat.\n\nCurabitur gravida nisi at nibh. In hac habitasse platea dictumst. Aliquam augue quam, sollicitudin vitae, consectetuer eget, rutrum at, lorem.\n\nInteger tincidunt ante vel ipsum. Praesent blandit lacinia erat. Vestibulum sed magna at nunc commodo placerat.",
  "gender": "Male",
  "category": [
    "football",
    "tennis",
    "collection"
  ],
  "on-sale": 43,
  "colors": [
    "black",
    "white",
    "yellow",
    "green",
    "gray"
  ],
  "sizes": [
    34,
    35,
    36,
    37,
    38,
    39
  ],
  "price": 7880,
  "image": [
    "product.jpg",
    "img-product-01.jpg",
    "zapatilla2.jpg",
    "img-product-02.jpg"
  ],
  "stock": 57
}, {
  "id": 30,
  "name": "Vezdaea Lichen",
  "brand": "Adidas",
  "description": "In hac habitasse platea dictumst. Etiam faucibus cursus urna. Ut tellus.\n\nNulla ut erat id mauris vulputate elementum. Nullam varius. Nulla facilisi.\n\nCras non velit nec nisi vulputate nonummy. Maecenas tincidunt lacus at velit. Vivamus vel nulla eget eros elementum pellentesque.",
  "gender": "Male",
  "category": [
    "football",
    "tennis",
    "collection",
    "volley"
  ],
  "on-sale": 19,
  "colors": [
    "black",
    "white"
  ],
  "sizes": [
    34
  ],
  "price": 5217,
  "image": [
    "zapatilla1.jpg",
    "img-product-05.jpg",
    "product.jpg",
    "img-product-01.jpg"
  ],
  "stock": 64
}, {
  "id": 31,
  "name": "Watershield",
  "brand": "Puma",
  "description": "Suspendisse potenti. In eleifend quam a odio. In hac habitasse platea dictumst.\n\nMaecenas ut massa quis augue luctus tincidunt. Nulla mollis molestie lorem. Quisque ut erat.\n\nCurabitur gravida nisi at nibh. In hac habitasse platea dictumst. Aliquam augue quam, sollicitudin vitae, consectetuer eget, rutrum at, lorem.\n\nInteger tincidunt ante vel ipsum. Praesent blandit lacinia erat. Vestibulum sed magna at nunc commodo placerat.\n\nPraesent blandit. Nam nulla. Integer pede justo, lacinia eget, tincidunt eget, tempus vel, pede.",
  "gender": "Female",
  "category": [
    "football",
    "tennis",
    "collection",
    "volley",
    "running"
  ],
  "on-sale": 33,
  "colors": [
    "black",
    "white",
    "yellow",
    "green",
    "gray"
  ],
  "sizes": [
    34,
    35
  ],
  "price": 6237,
  "image": [
    "zapanike2020.jpg",
    "img-product-01.jpg",
    "img-product-05.jpg",
    "product.jpg"
  ],
  "stock": 95
}, {
  "id": 32,
  "name": "Jelly Lichen",
  "brand": "Puma",
  "description": "Praesent id massa id nisl venenatis lacinia. Aenean sit amet justo. Morbi ut odio.\n\nCras mi pede, malesuada in, imperdiet et, commodo vulputate, justo. In blandit ultrices enim. Lorem ipsum dolor sit amet, consectetuer adipiscing elit.",
  "gender": "Male",
  "category": [
    "football"
  ],
  "on-sale": 14,
  "colors": [
    "black",
    "white",
    "yellow"
  ],
  "sizes": [
    34,
    35,
    36,
    37,
    38,
    39
  ],
  "price": 3383,
  "image": [
    "zapanike2020.jpg",
    "img-product-02.jpg",
    "img-product-04.jpg",
    "img-product-05.jpg"
  ],
  "stock": 96
}, {
  "id": 33,
  "name": "Glacial Kiaeria Moss",
  "brand": "New Balance",
  "description": "Etiam vel augue. Vestibulum rutrum rutrum neque. Aenean auctor gravida sem.\n\nPraesent id massa id nisl venenatis lacinia. Aenean sit amet justo. Morbi ut odio.\n\nCras mi pede, malesuada in, imperdiet et, commodo vulputate, justo. In blandit ultrices enim. Lorem ipsum dolor sit amet, consectetuer adipiscing elit.",
  "gender": "Female",
  "category": [
    "football",
    "tennis"
  ],
  "on-sale": 43,
  "colors": [
    "black",
    "white"
  ],
  "sizes": [
    34,
    35,
    36
  ],
  "price": 7906,
  "image": [
    "img-product-04.jpg",
    "zapatilla2.jpg",
    "zapatilla1.jpg",
    "zapatilla1.jpg"
  ],
  "stock": 54
}, {
  "id": 34,
  "name": "Arizona Siltbush",
  "brand": "New Balance",
  "description": "Integer tincidunt ante vel ipsum. Praesent blandit lacinia erat. Vestibulum sed magna at nunc commodo placerat.\n\nPraesent blandit. Nam nulla. Integer pede justo, lacinia eget, tincidunt eget, tempus vel, pede.\n\nMorbi porttitor lorem id ligula. Suspendisse ornare consequat lectus. In est risus, auctor sed, tristique in, tempus sit amet, sem.",
  "gender": "Female",
  "category": [
    "football",
    "tennis",
    "collection",
    "volley"
  ],
  "on-sale": 26,
  "colors": [
    "black",
    "white",
    "yellow",
    "green",
    "gray",
    "red"
  ],
  "sizes": [
    34,
    35,
    36,
    37,
    38,
    39
  ],
  "price": 7885,
  "image": [
    "product.jpg",
    "zapatilla2.jpg",
    "img-product-05.jpg",
    "img-product-01.jpg"
  ],
  "stock": 44
}, {
  "id": 35,
  "name": "Voitia Moss",
  "brand": "Nike",
  "description": "Proin interdum mauris non ligula pellentesque ultrices. Phasellus id sapien in sapien iaculis congue. Vivamus metus arcu, adipiscing molestie, hendrerit at, vulputate vitae, nisl.\n\nAenean lectus. Pellentesque eget nunc. Donec quis orci eget orci vehicula condimentum.",
  "gender": "Male",
  "category": [
    "football",
    "tennis",
    "collection",
    "volley"
  ],
  "on-sale": 30,
  "colors": [
    "black",
    "white",
    "yellow",
    "green",
    "gray",
    "red",
    "blue"
  ],
  "sizes": [
    34
  ],
  "price": 4031,
  "image": [
    "img-product-02.jpg",
    "img-product-05.jpg",
    "zapatilla3.jpg",
    "img-product-01.jpg"
  ],
  "stock": 56
}, {
  "id": 36,
  "name": "Coast Range False Bindweed",
  "brand": "New Balance",
  "description": "Proin leo odio, porttitor id, consequat in, consequat ut, nulla. Sed accumsan felis. Ut at dolor quis odio consequat varius.\n\nInteger ac leo. Pellentesque ultrices mattis odio. Donec vitae nisi.\n\nNam ultrices, libero non mattis pulvinar, nulla pede ullamcorper augue, a suscipit nulla elit ac nulla. Sed vel enim sit amet nunc viverra dapibus. Nulla suscipit ligula in lacus.\n\nCurabitur at ipsum ac tellus semper interdum. Mauris ullamcorper purus sit amet nulla. Quisque arcu libero, rutrum ac, lobortis vel, dapibus at, diam.",
  "gender": "Female",
  "category": [
    "football"
  ],
  "on-sale": 43,
  "colors": [
    "black",
    "white",
    "yellow"
  ],
  "sizes": [
    34,
    35,
    36,
    37,
    38,
    39,
    40,
    41,
    42
  ],
  "price": 2940,
  "image": [
    "img-product-03.jpg",
    "img-product-01.jpg",
    "zapatilla2.jpg",
    "zapatilla3.jpg"
  ],
  "stock": 50
}, {
  "id": 37,
  "name": "Woolly Bluecurls",
  "brand": "New Balance",
  "description": "Vestibulum quam sapien, varius ut, blandit non, interdum in, ante. Vestibulum ante ipsum primis in faucibus orci luctus et ultrices posuere cubilia Curae; Duis faucibus accumsan odio. Curabitur convallis.\n\nDuis consequat dui nec nisi volutpat eleifend. Donec ut dolor. Morbi vel lectus in quam fringilla rhoncus.\n\nMauris enim leo, rhoncus sed, vestibulum sit amet, cursus id, turpis. Integer aliquet, massa id lobortis convallis, tortor risus dapibus augue, vel accumsan tellus nisi eu orci. Mauris lacinia sapien quis libero.",
  "gender": "Female",
  "category": [
    "football",
    "tennis",
    "collection",
    "volley"
  ],
  "on-sale": 1,
  "colors": [
    "black",
    "white",
    "yellow",
    "green"
  ],
  "sizes": [
    34,
    35
  ],
  "price": 5890,
  "image": [
    "img-product-04.jpg",
    "zapatilla1.jpg",
    "img-product-03.jpg",
    "img-product-05.jpg"
  ],
  "stock": 99
}, {
  "id": 38,
  "name": "Valley Saltbush",
  "brand": "New Balance",
  "description": "In congue. Etiam justo. Etiam pretium iaculis justo.\n\nIn hac habitasse platea dictumst. Etiam faucibus cursus urna. Ut tellus.\n\nNulla ut erat id mauris vulputate elementum. Nullam varius. Nulla facilisi.\n\nCras non velit nec nisi vulputate nonummy. Maecenas tincidunt lacus at velit. Vivamus vel nulla eget eros elementum pellentesque.",
  "gender": "Male",
  "category": [
    "football",
    "tennis",
    "collection",
    "volley",
    "running"
  ],
  "on-sale": 27,
  "colors": [
    "black",
    "white",
    "yellow"
  ],
  "sizes": [
    34
  ],
  "price": 6188,
  "image": [
    "zapatilla1.jpg",
    "zapatilla2.jpg",
    "zapatilla4.jpg",
    "img-product-01.jpg"
  ],
  "stock": 93
}, {
  "id": 39,
  "name": "Oregon Twinpod",
  "brand": "Puma",
  "description": "In hac habitasse platea dictumst. Morbi vestibulum, velit id pretium iaculis, diam erat fermentum justo, nec condimentum neque sapien placerat ante. Nulla justo.\n\nAliquam quis turpis eget elit sodales scelerisque. Mauris sit amet eros. Suspendisse accumsan tortor quis turpis.\n\nSed ante. Vivamus tortor. Duis mattis egestas metus.",
  "gender": "Male",
  "category": [
    "football"
  ],
  "on-sale": 41,
  "colors": [
    "black",
    "white",
    "yellow",
    "green",
    "gray"
  ],
  "sizes": [
    34,
    35,
    36,
    37,
    38
  ],
  "price": 4954,
  "image": [
    "img-product-01.jpg",
    "img-product-04.jpg",
    "product.jpg",
    "img-product-02.jpg"
  ],
  "stock": 89
}, {
  "id": 40,
  "name": "Intermountain Clover",
  "brand": "Adidas",
  "description": "Proin eu mi. Nulla ac enim. In tempor, turpis nec euismod scelerisque, quam turpis adipiscing lorem, vitae mattis nibh ligula nec sem.\n\nDuis aliquam convallis nunc. Proin at turpis a pede posuere nonummy. Integer non velit.",
  "gender": "Male",
  "category": [
    "football",
    "tennis",
    "collection"
  ],
  "on-sale": 23,
  "colors": [
    "black",
    "white",
    "yellow",
    "green",
    "gray",
    "red"
  ],
  "sizes": [
    34,
    35,
    36,
    37,
    38,
    39,
    40,
    41,
    42
  ],
  "price": 9723,
  "image": [
    "img-product-05.jpg",
    "zapatilla2.jpg",
    "zapatilla1.jpg",
    "img-product-04.jpg"
  ],
  "stock": 5
}, {
  "id": 41,
  "name": "Kennedy's Blackberry",
  "brand": "Puma",
  "description": "In congue. Etiam justo. Etiam pretium iaculis justo.\n\nIn hac habitasse platea dictumst. Etiam faucibus cursus urna. Ut tellus.",
  "gender": "Female",
  "category": [
    "football",
    "tennis",
    "collection",
    "volley"
  ],
  "on-sale": 47,
  "colors": [
    "black",
    "white"
  ],
  "sizes": [
    34,
    35,
    36,
    37,
    38,
    39,
    40,
    41,
    42
  ],
  "price": 3081,
  "image": [
    "zapatilla1.jpg",
    "product.jpg",
    "img-product-03.jpg",
    "img-product-04.jpg"
  ],
  "stock": 71
}, {
  "id": 42,
  "name": "Snow Currant",
  "brand": "Nike",
  "description": "Proin leo odio, porttitor id, consequat in, consequat ut, nulla. Sed accumsan felis. Ut at dolor quis odio consequat varius.\n\nInteger ac leo. Pellentesque ultrices mattis odio. Donec vitae nisi.\n\nNam ultrices, libero non mattis pulvinar, nulla pede ullamcorper augue, a suscipit nulla elit ac nulla. Sed vel enim sit amet nunc viverra dapibus. Nulla suscipit ligula in lacus.",
  "gender": "Female",
  "category": [
    "football",
    "tennis",
    "collection",
    "volley"
  ],
  "on-sale": 18,
  "colors": [
    "black",
    "white",
    "yellow"
  ],
  "sizes": [
    34,
    35
  ],
  "price": 4968,
  "image": [
    "img-product-05.jpg",
    "zapatilla3.jpg",
    "product.jpg",
    "img-product-01.jpg"
  ],
  "stock": 70
}, {
  "id": 43,
  "name": "Largestipule Leather-root",
  "brand": "New Balance",
  "description": "Curabitur gravida nisi at nibh. In hac habitasse platea dictumst. Aliquam augue quam, sollicitudin vitae, consectetuer eget, rutrum at, lorem.\n\nInteger tincidunt ante vel ipsum. Praesent blandit lacinia erat. Vestibulum sed magna at nunc commodo placerat.\n\nPraesent blandit. Nam nulla. Integer pede justo, lacinia eget, tincidunt eget, tempus vel, pede.\n\nMorbi porttitor lorem id ligula. Suspendisse ornare consequat lectus. In est risus, auctor sed, tristique in, tempus sit amet, sem.",
  "gender": "Female",
  "category": [
    "football"
  ],
  "on-sale": 30,
  "colors": [
    "black"
  ],
  "sizes": [
    34,
    35,
    36,
    37,
    38
  ],
  "price": 9134,
  "image": [
    "zapatilla1.jpg",
    "img-product-02.jpg",
    "zapatilla2.jpg",
    "img-product-04.jpg"
  ],
  "stock": 74
}, {
  "id": 44,
  "name": "Fewflower Draba",
  "brand": "New Balance",
  "description": "Donec diam neque, vestibulum eget, vulputate ut, ultrices vel, augue. Vestibulum ante ipsum primis in faucibus orci luctus et ultrices posuere cubilia Curae; Donec pharetra, magna vestibulum aliquet ultrices, erat tortor sollicitudin mi, sit amet lobortis sapien sapien non mi. Integer ac neque.\n\nDuis bibendum. Morbi non quam nec dui luctus rutrum. Nulla tellus.",
  "gender": "Male",
  "category": [
    "football",
    "tennis",
    "collection"
  ],
  "on-sale": 24,
  "colors": [
    "black",
    "white",
    "yellow",
    "green",
    "gray"
  ],
  "sizes": [
    34,
    35,
    36,
    37,
    38,
    39,
    40,
    41,
    42
  ],
  "price": 7141,
  "image": [
    "zapatilla2.jpg",
    "zapatilla4.jpg",
    "img-product-01.jpg",
    "img-product-05.jpg"
  ],
  "stock": 98
}, {
  "id": 45,
  "name": "Asian Watergrass",
  "brand": "Adidas",
  "description": "Cras mi pede, malesuada in, imperdiet et, commodo vulputate, justo. In blandit ultrices enim. Lorem ipsum dolor sit amet, consectetuer adipiscing elit.\n\nProin interdum mauris non ligula pellentesque ultrices. Phasellus id sapien in sapien iaculis congue. Vivamus metus arcu, adipiscing molestie, hendrerit at, vulputate vitae, nisl.\n\nAenean lectus. Pellentesque eget nunc. Donec quis orci eget orci vehicula condimentum.\n\nCurabitur in libero ut massa volutpat convallis. Morbi odio odio, elementum eu, interdum eu, tincidunt in, leo. Maecenas pulvinar lobortis est.\n\nPhasellus sit amet erat. Nulla tempus. Vivamus in felis eu sapien cursus vestibulum.",
  "gender": "Female",
  "category": [
    "football",
    "tennis",
    "collection",
    "volley"
  ],
  "on-sale": 34,
  "colors": [
    "black",
    "white",
    "yellow",
    "green"
  ],
  "sizes": [
    34,
    35,
    36,
    37,
    38,
    39
  ],
  "price": 3523,
  "image": [
    "img-product-02.jpg",
    "zapatilla4.jpg",
    "img-product-03.jpg",
    "zapatilla1.jpg"
  ],
  "stock": 89
}, {
  "id": 46,
  "name": "Mycoglaena",
  "brand": "Adidas",
  "description": "In hac habitasse platea dictumst. Morbi vestibulum, velit id pretium iaculis, diam erat fermentum justo, nec condimentum neque sapien placerat ante. Nulla justo.\n\nAliquam quis turpis eget elit sodales scelerisque. Mauris sit amet eros. Suspendisse accumsan tortor quis turpis.\n\nSed ante. Vivamus tortor. Duis mattis egestas metus.\n\nAenean fermentum. Donec ut mauris eget massa tempor convallis. Nulla neque libero, convallis eget, eleifend luctus, ultricies eu, nibh.",
  "gender": "Male",
  "category": [
    "football",
    "tennis"
  ],
  "on-sale": 3,
  "colors": [
    "black",
    "white",
    "yellow",
    "green",
    "gray",
    "red",
    "blue"
  ],
  "sizes": [
    34,
    35,
    36,
    37,
    38
  ],
  "price": 4510,
  "image": [
    "zapatilla1.jpg",
    "img-product-01.jpg",
    "zapanike2020.jpg",
    "img-product-04.jpg"
  ],
  "stock": 70
}, {
  "id": 47,
  "name": "Silky Lupine",
  "brand": "New Balance",
  "description": "Donec diam neque, vestibulum eget, vulputate ut, ultrices vel, augue. Vestibulum ante ipsum primis in faucibus orci luctus et ultrices posuere cubilia Curae; Donec pharetra, magna vestibulum aliquet ultrices, erat tortor sollicitudin mi, sit amet lobortis sapien sapien non mi. Integer ac neque.",
  "gender": "Male",
  "category": [
    "football"
  ],
  "on-sale": 18,
  "colors": [
    "black",
    "white",
    "yellow",
    "green",
    "gray"
  ],
  "sizes": [
    34,
    35,
    36
  ],
  "price": 6653,
  "image": [
    "img-product-04.jpg",
    "zapanike2020.jpg",
    "zapatilla4.jpg",
    "zapatilla2.jpg"
  ],
  "stock": 40
}, {
  "id": 48,
  "name": "Canby's Mountain-lover",
  "brand": "Nike",
  "description": "Nulla ut erat id mauris vulputate elementum. Nullam varius. Nulla facilisi.\n\nCras non velit nec nisi vulputate nonummy. Maecenas tincidunt lacus at velit. Vivamus vel nulla eget eros elementum pellentesque.",
  "gender": "Female",
  "category": [
    "football",
    "tennis"
  ],
  "on-sale": 21,
  "colors": [
    "black",
    "white",
    "yellow"
  ],
  "sizes": [
    34,
    35,
    36,
    37,
    38,
    39
  ],
  "price": 3650,
  "image": [
    "img-product-02.jpg",
    "img-product-03.jpg",
    "zapatilla1.jpg",
    "img-product-05.jpg"
  ],
  "stock": 46
}, {
  "id": 49,
  "name": "Melanolecia Lichen",
  "brand": "New Balance",
  "description": "Maecenas leo odio, condimentum id, luctus nec, molestie sed, justo. Pellentesque viverra pede ac diam. Cras pellentesque volutpat dui.\n\nMaecenas tristique, est et tempus semper, est quam pharetra magna, ac consequat metus sapien ut nunc. Vestibulum ante ipsum primis in faucibus orci luctus et ultrices posuere cubilia Curae; Mauris viverra diam vitae quam. Suspendisse potenti.\n\nNullam porttitor lacus at turpis. Donec posuere metus vitae ipsum. Aliquam non mauris.\n\nMorbi non lectus. Aliquam sit amet diam in magna bibendum imperdiet. Nullam orci pede, venenatis non, sodales sed, tincidunt eu, felis.",
  "gender": "Male",
  "category": [
    "football",
    "tennis",
    "collection",
    "volley",
    "running"
  ],
  "on-sale": 20,
  "colors": [
    "black",
    "white",
    "yellow"
  ],
  "sizes": [
    34,
    35,
    36,
    37
  ],
  "price": 3176,
  "image": [
    "zapatilla3.jpg",
    "zapatilla1.jpg",
    "img-product-05.jpg",
    "zapatilla4.jpg"
  ],
  "stock": 0
}, {
  "id": 50,
  "name": "Whitetop-box",
  "brand": "Puma",
  "description": "Nullam sit amet turpis elementum ligula vehicula consequat. Morbi a ipsum. Integer a nibh.\n\nIn quis justo. Maecenas rhoncus aliquam lacus. Morbi quis tortor id nulla ultrices aliquet.\n\nMaecenas leo odio, condimentum id, luctus nec, molestie sed, justo. Pellentesque viverra pede ac diam. Cras pellentesque volutpat dui.\n\nMaecenas tristique, est et tempus semper, est quam pharetra magna, ac consequat metus sapien ut nunc. Vestibulum ante ipsum primis in faucibus orci luctus et ultrices posuere cubilia Curae; Mauris viverra diam vitae quam. Suspendisse potenti.",
  "gender": "Female",
  "category": [
    "football",
    "tennis",
    "collection",
    "volley"
  ],
  "on-sale": 50,
  "colors": [
    "black",
    "white",
    "yellow",
    "green",
    "gray"
  ],
  "sizes": [
    34,
    35,
    36,
    37,
    38,
    39,
    40,
    41,
    42
  ],
  "price": 4842,
  "image": [
    "zapatilla4.jpg",
    "zapatilla1.jpg",
    "zapatilla1.jpg",
    "img-product-04.jpg"
  ],
  "stock": 33
}, {
  "id": 51,
  "name": "Alkali Yellowtops",
  "brand": "Nike",
  "description": "Curabitur in libero ut massa volutpat convallis. Morbi odio odio, elementum eu, interdum eu, tincidunt in, leo. Maecenas pulvinar lobortis est.\n\nPhasellus sit amet erat. Nulla tempus. Vivamus in felis eu sapien cursus vestibulum.",
  "gender": "Female",
  "category": [
    "football",
    "tennis",
    "collection"
  ],
  "on-sale": 31,
  "colors": [
    "black",
    "white",
    "yellow",
    "green"
  ],
  "sizes": [
    34,
    35,
    36,
    37
  ],
  "price": 1090,
  "image": [
    "product.jpg",
    "img-product-04.jpg",
    "zapatilla3.jpg",
    "zapatilla4.jpg"
  ],
  "stock": 39
}, {
  "id": 52,
  "name": "Woodland Pinedrops",
  "brand": "Adidas",
  "description": "Maecenas ut massa quis augue luctus tincidunt. Nulla mollis molestie lorem. Quisque ut erat.",
  "gender": "Male",
  "category": [
    "football",
    "tennis"
  ],
  "on-sale": 30,
  "colors": [
    "black",
    "white",
    "yellow",
    "green",
    "gray",
    "red"
  ],
  "sizes": [
    34,
    35,
    36,
    37,
    38
  ],
  "price": 6045,
  "image": [
    "img-product-05.jpg",
    "zapatilla1.jpg",
    "zapatilla3.jpg",
    "img-product-03.jpg"
  ],
  "stock": 42
}, {
  "id": 53,
  "name": "Shale Barren Buckwheat",
  "brand": "New Balance",
  "description": "Suspendisse potenti. In eleifend quam a odio. In hac habitasse platea dictumst.\n\nMaecenas ut massa quis augue luctus tincidunt. Nulla mollis molestie lorem. Quisque ut erat.",
  "gender": "Male",
  "category": [
    "football",
    "tennis",
    "collection"
  ],
  "on-sale": 39,
  "colors": [
    "black",
    "white",
    "yellow",
    "green"
  ],
  "sizes": [
    34,
    35,
    36,
    37,
    38,
    39,
    40,
    41,
    42
  ],
  "price": 6661,
  "image": [
    "img-product-05.jpg",
    "img-product-03.jpg",
    "zapatilla1.jpg",
    "zapatilla4.jpg"
  ],
  "stock": 87
}, {
  "id": 54,
  "name": "Garden Baby's-breath",
  "brand": "Adidas",
  "description": "Phasellus in felis. Donec semper sapien a libero. Nam dui.\n\nProin leo odio, porttitor id, consequat in, consequat ut, nulla. Sed accumsan felis. Ut at dolor quis odio consequat varius.\n\nInteger ac leo. Pellentesque ultrices mattis odio. Donec vitae nisi.\n\nNam ultrices, libero non mattis pulvinar, nulla pede ullamcorper augue, a suscipit nulla elit ac nulla. Sed vel enim sit amet nunc viverra dapibus. Nulla suscipit ligula in lacus.",
  "gender": "Female",
  "category": [
    "football",
    "tennis",
    "collection",
    "volley",
    "running"
  ],
  "on-sale": 10,
  "colors": [
    "black",
    "white",
    "yellow",
    "green",
    "gray",
    "red",
    "blue"
  ],
  "sizes": [
    34,
    35,
    36,
    37
  ],
  "price": 6531,
  "image": [
    "img-product-04.jpg",
    "zapanike2020.jpg",
    "zapatilla1.jpg",
    "zapatilla1.jpg"
  ],
  "stock": 9
}, {
  "id": 55,
  "name": "Baby Blue Eyes",
  "brand": "Adidas",
  "description": "Fusce consequat. Nulla nisl. Nunc nisl.\n\nDuis bibendum, felis sed interdum venenatis, turpis enim blandit mi, in porttitor pede justo eu massa. Donec dapibus. Duis at velit eu est congue elementum.",
  "gender": "Female",
  "category": [
    "football",
    "tennis",
    "collection"
  ],
  "on-sale": 26,
  "colors": [
    "black",
    "white"
  ],
  "sizes": [
    34,
    35,
    36,
    37,
    38,
    39,
    40
  ],
  "price": 4761,
  "image": [
    "img-product-04.jpg",
    "img-product-05.jpg",
    "zapatilla2.jpg",
    "img-product-01.jpg"
  ],
  "stock": 44
}, {
  "id": 56,
  "name": "Longflowered Veldtgrass",
  "brand": "Adidas",
  "description": "Cras mi pede, malesuada in, imperdiet et, commodo vulputate, justo. In blandit ultrices enim. Lorem ipsum dolor sit amet, consectetuer adipiscing elit.\n\nProin interdum mauris non ligula pellentesque ultrices. Phasellus id sapien in sapien iaculis congue. Vivamus metus arcu, adipiscing molestie, hendrerit at, vulputate vitae, nisl.",
  "gender": "Female",
  "category": [
    "football",
    "tennis",
    "collection",
    "volley"
  ],
  "on-sale": 32,
  "colors": [
    "black"
  ],
  "sizes": [
    34,
    35
  ],
  "price": 9677,
  "image": [
    "img-product-01.jpg",
    "img-product-04.jpg",
    "img-product-02.jpg",
    "zapatilla2.jpg"
  ],
  "stock": 89
}, {
  "id": 57,
  "name": "Squashberry",
  "brand": "Nike",
  "description": "Pellentesque at nulla. Suspendisse potenti. Cras in purus eu magna vulputate luctus.",
  "gender": "Male",
  "category": [
    "football",
    "tennis",
    "collection",
    "volley",
    "running"
  ],
  "on-sale": 6,
  "colors": [
    "black",
    "white",
    "yellow",
    "green",
    "gray",
    "red"
  ],
  "sizes": [
    34,
    35,
    36,
    37,
    38,
    39
  ],
  "price": 9625,
  "image": [
    "product.jpg",
    "img-product-01.jpg",
    "img-product-03.jpg",
    "zapanike2020.jpg"
  ],
  "stock": 31
}, {
  "id": 58,
  "name": "Dense Cassia",
  "brand": "Adidas",
  "description": "Maecenas leo odio, condimentum id, luctus nec, molestie sed, justo. Pellentesque viverra pede ac diam. Cras pellentesque volutpat dui.\n\nMaecenas tristique, est et tempus semper, est quam pharetra magna, ac consequat metus sapien ut nunc. Vestibulum ante ipsum primis in faucibus orci luctus et ultrices posuere cubilia Curae; Mauris viverra diam vitae quam. Suspendisse potenti.",
  "gender": "Male",
  "category": [
    "football",
    "tennis",
    "collection",
    "volley",
    "running"
  ],
  "on-sale": 14,
  "colors": [
    "black",
    "white",
    "yellow",
    "green",
    "gray"
  ],
  "sizes": [
    34,
    35,
    36,
    37
  ],
  "price": 2269,
  "image": [
    "img-product-03.jpg",
    "img-product-01.jpg",
    "zapatilla2.jpg",
    "img-product-04.jpg"
  ],
  "stock": 68
}, {
  "id": 59,
  "name": "Confusing Lady's Tresses",
  "brand": "Puma",
  "description": "Mauris enim leo, rhoncus sed, vestibulum sit amet, cursus id, turpis. Integer aliquet, massa id lobortis convallis, tortor risus dapibus augue, vel accumsan tellus nisi eu orci. Mauris lacinia sapien quis libero.\n\nNullam sit amet turpis elementum ligula vehicula consequat. Morbi a ipsum. Integer a nibh.\n\nIn quis justo. Maecenas rhoncus aliquam lacus. Morbi quis tortor id nulla ultrices aliquet.",
  "gender": "Male",
  "category": [
    "football",
    "tennis",
    "collection",
    "volley",
    "running"
  ],
  "on-sale": 28,
  "colors": [
    "black",
    "white",
    "yellow",
    "green",
    "gray"
  ],
  "sizes": [
    34,
    35,
    36,
    37
  ],
  "price": 3594,
  "image": [
    "zapatilla3.jpg",
    "zapatilla1.jpg",
    "zapatilla4.jpg",
    "zapatilla1.jpg"
  ],
  "stock": 41
}, {
  "id": 60,
  "name": "Subalpine Mariposa Lily",
  "brand": "Adidas",
  "description": "Nam ultrices, libero non mattis pulvinar, nulla pede ullamcorper augue, a suscipit nulla elit ac nulla. Sed vel enim sit amet nunc viverra dapibus. Nulla suscipit ligula in lacus.\n\nCurabitur at ipsum ac tellus semper interdum. Mauris ullamcorper purus sit amet nulla. Quisque arcu libero, rutrum ac, lobortis vel, dapibus at, diam.",
  "gender": "Female",
  "category": [
    "football",
    "tennis",
    "collection",
    "volley",
    "running"
  ],
  "on-sale": 6,
  "colors": [
    "black",
    "white",
    "yellow"
  ],
  "sizes": [
    34,
    35,
    36,
    37,
    38,
    39,
    40
  ],
  "price": 3654,
  "image": [
    "zapatilla1.jpg",
    "zapanike2020.jpg",
    "zapatilla3.jpg",
    "zapatilla1.jpg"
  ],
  "stock": 95
}, {
  "id": 61,
  "name": "Sand Goldenheather",
  "brand": "New Balance",
  "description": "In sagittis dui vel nisl. Duis ac nibh. Fusce lacus purus, aliquet at, feugiat non, pretium quis, lectus.\n\nSuspendisse potenti. In eleifend quam a odio. In hac habitasse platea dictumst.\n\nMaecenas ut massa quis augue luctus tincidunt. Nulla mollis molestie lorem. Quisque ut erat.\n\nCurabitur gravida nisi at nibh. In hac habitasse platea dictumst. Aliquam augue quam, sollicitudin vitae, consectetuer eget, rutrum at, lorem.\n\nInteger tincidunt ante vel ipsum. Praesent blandit lacinia erat. Vestibulum sed magna at nunc commodo placerat.",
  "gender": "Male",
  "category": [
    "football",
    "tennis",
    "collection",
    "volley",
    "running"
  ],
  "on-sale": 43,
  "colors": [
    "black",
    "white",
    "yellow",
    "green",
    "gray"
  ],
  "sizes": [
    34,
    35,
    36,
    37,
    38,
    39,
    40,
    41,
    42
  ],
  "price": 4619,
  "image": [
    "img-product-05.jpg",
    "zapatilla4.jpg",
    "zapatilla1.jpg",
    "img-product-03.jpg"
  ],
  "stock": 43
}, {
  "id": 62,
  "name": "Durango Senna",
  "brand": "Puma",
  "description": "Mauris enim leo, rhoncus sed, vestibulum sit amet, cursus id, turpis. Integer aliquet, massa id lobortis convallis, tortor risus dapibus augue, vel accumsan tellus nisi eu orci. Mauris lacinia sapien quis libero.\n\nNullam sit amet turpis elementum ligula vehicula consequat. Morbi a ipsum. Integer a nibh.",
  "gender": "Male",
  "category": [
    "football",
    "tennis"
  ],
  "on-sale": 1,
  "colors": [
    "black",
    "white",
    "yellow",
    "green",
    "gray"
  ],
  "sizes": [
    34,
    35
  ],
  "price": 1364,
  "image": [
    "zapanike2020.jpg",
    "img-product-03.jpg",
    "img-product-02.jpg",
    "zapatilla2.jpg"
  ],
  "stock": 32
}, {
  "id": 63,
  "name": "Cup Lichen",
  "brand": "Adidas",
  "description": "Nullam sit amet turpis elementum ligula vehicula consequat. Morbi a ipsum. Integer a nibh.",
  "gender": "Female",
  "category": [
    "football",
    "tennis",
    "collection",
    "volley",
    "running"
  ],
  "on-sale": 22,
  "colors": [
    "black",
    "white",
    "yellow",
    "green"
  ],
  "sizes": [
    34,
    35,
    36
  ],
  "price": 1971,
  "image": [
    "img-product-01.jpg",
    "zapatilla2.jpg",
    "img-product-04.jpg",
    "zapatilla3.jpg"
  ],
  "stock": 24
}, {
  "id": 64,
  "name": "Hecistopteris",
  "brand": "Nike",
  "description": "Nullam porttitor lacus at turpis. Donec posuere metus vitae ipsum. Aliquam non mauris.\n\nMorbi non lectus. Aliquam sit amet diam in magna bibendum imperdiet. Nullam orci pede, venenatis non, sodales sed, tincidunt eu, felis.",
  "gender": "Female",
  "category": [
    "football",
    "tennis",
    "collection",
    "volley"
  ],
  "on-sale": 36,
  "colors": [
    "black",
    "white",
    "yellow",
    "green"
  ],
  "sizes": [
    34,
    35,
    36,
    37,
    38,
    39
  ],
  "price": 2926,
  "image": [
    "zapatilla1.jpg",
    "img-product-01.jpg",
    "product.jpg",
    "img-product-02.jpg"
  ],
  "stock": 67
}, {
  "id": 65,
  "name": "Macoun's Rockcress",
  "brand": "Puma",
  "description": "Donec diam neque, vestibulum eget, vulputate ut, ultrices vel, augue. Vestibulum ante ipsum primis in faucibus orci luctus et ultrices posuere cubilia Curae; Donec pharetra, magna vestibulum aliquet ultrices, erat tortor sollicitudin mi, sit amet lobortis sapien sapien non mi. Integer ac neque.\n\nDuis bibendum. Morbi non quam nec dui luctus rutrum. Nulla tellus.\n\nIn sagittis dui vel nisl. Duis ac nibh. Fusce lacus purus, aliquet at, feugiat non, pretium quis, lectus.\n\nSuspendisse potenti. In eleifend quam a odio. In hac habitasse platea dictumst.",
  "gender": "Female",
  "category": [
    "football",
    "tennis"
  ],
  "on-sale": 44,
  "colors": [
    "black"
  ],
  "sizes": [
    34,
    35,
    36,
    37,
    38,
    39
  ],
  "price": 3831,
  "image": [
    "zapatilla1.jpg",
    "zapanike2020.jpg",
    "img-product-04.jpg",
    "img-product-01.jpg"
  ],
  "stock": 0
}, {
  "id": 66,
  "name": "Baja Desert-thorn",
  "brand": "Puma",
  "description": "Maecenas ut massa quis augue luctus tincidunt. Nulla mollis molestie lorem. Quisque ut erat.\n\nCurabitur gravida nisi at nibh. In hac habitasse platea dictumst. Aliquam augue quam, sollicitudin vitae, consectetuer eget, rutrum at, lorem.\n\nInteger tincidunt ante vel ipsum. Praesent blandit lacinia erat. Vestibulum sed magna at nunc commodo placerat.",
  "gender": "Male",
  "category": [
    "football",
    "tennis",
    "collection",
    "volley"
  ],
  "on-sale": 25,
  "colors": [
    "black"
  ],
  "sizes": [
    34,
    35
  ],
  "price": 3118,
  "image": [
    "zapatilla1.jpg",
    "zapatilla2.jpg",
    "zapanike2020.jpg",
    "product.jpg"
  ],
  "stock": 77
}, {
  "id": 67,
  "name": "Alaskan Wheatgrass",
  "brand": "Adidas",
  "description": "Etiam vel augue. Vestibulum rutrum rutrum neque. Aenean auctor gravida sem.\n\nPraesent id massa id nisl venenatis lacinia. Aenean sit amet justo. Morbi ut odio.\n\nCras mi pede, malesuada in, imperdiet et, commodo vulputate, justo. In blandit ultrices enim. Lorem ipsum dolor sit amet, consectetuer adipiscing elit.\n\nProin interdum mauris non ligula pellentesque ultrices. Phasellus id sapien in sapien iaculis congue. Vivamus metus arcu, adipiscing molestie, hendrerit at, vulputate vitae, nisl.\n\nAenean lectus. Pellentesque eget nunc. Donec quis orci eget orci vehicula condimentum.",
  "gender": "Male",
  "category": [
    "football",
    "tennis",
    "collection",
    "volley",
    "running"
  ],
  "on-sale": 0,
  "colors": [
    "black",
    "white",
    "yellow",
    "green",
    "gray"
  ],
  "sizes": [
    34,
    35,
    36,
    37,
    38,
    39,
    40,
    41
  ],
  "price": 2480,
  "image": [
    "img-product-02.jpg",
    "product.jpg",
    "img-product-05.jpg",
    "zapatilla3.jpg"
  ],
  "stock": 18
}, {
  "id": 68,
  "name": "Mohr's Barbara's Buttons",
  "brand": "Puma",
  "description": "Curabitur in libero ut massa volutpat convallis. Morbi odio odio, elementum eu, interdum eu, tincidunt in, leo. Maecenas pulvinar lobortis est.\n\nPhasellus sit amet erat. Nulla tempus. Vivamus in felis eu sapien cursus vestibulum.\n\nProin eu mi. Nulla ac enim. In tempor, turpis nec euismod scelerisque, quam turpis adipiscing lorem, vitae mattis nibh ligula nec sem.\n\nDuis aliquam convallis nunc. Proin at turpis a pede posuere nonummy. Integer non velit.\n\nDonec diam neque, vestibulum eget, vulputate ut, ultrices vel, augue. Vestibulum ante ipsum primis in faucibus orci luctus et ultrices posuere cubilia Curae; Donec pharetra, magna vestibulum aliquet ultrices, erat tortor sollicitudin mi, sit amet lobortis sapien sapien non mi. Integer ac neque.",
  "gender": "Male",
  "category": [
    "football"
  ],
  "on-sale": 47,
  "colors": [
    "black"
  ],
  "sizes": [
    34
  ],
  "price": 3873,
  "image": [
    "zapatilla2.jpg",
    "zapatilla1.jpg",
    "img-product-02.jpg",
    "img-product-05.jpg"
  ],
  "stock": 73
}, {
  "id": 69,
  "name": "Hybrid Oak",
  "brand": "Adidas",
  "description": "Nulla ut erat id mauris vulputate elementum. Nullam varius. Nulla facilisi.\n\nCras non velit nec nisi vulputate nonummy. Maecenas tincidunt lacus at velit. Vivamus vel nulla eget eros elementum pellentesque.",
  "gender": "Male",
  "category": [
    "football"
  ],
  "on-sale": 16,
  "colors": [
    "black",
    "white"
  ],
  "sizes": [
    34,
    35,
    36,
    37,
    38,
    39,
    40,
    41
  ],
  "price": 1398,
  "image": [
    "zapatilla3.jpg",
    "img-product-05.jpg",
    "zapatilla1.jpg",
    "zapatilla4.jpg"
  ],
  "stock": 74
}, {
  "id": 70,
  "name": "Hall's Milkvetch",
  "brand": "Puma",
  "description": "Praesent id massa id nisl venenatis lacinia. Aenean sit amet justo. Morbi ut odio.\n\nCras mi pede, malesuada in, imperdiet et, commodo vulputate, justo. In blandit ultrices enim. Lorem ipsum dolor sit amet, consectetuer adipiscing elit.",
  "gender": "Male",
  "category": [
    "football",
    "tennis",
    "collection",
    "volley",
    "running"
  ],
  "on-sale": 15,
  "colors": [
    "black"
  ],
  "sizes": [
    34,
    35,
    36,
    37,
    38,
    39,
    40,
    41,
    42
  ],
  "price": 3619,
  "image": [
    "img-product-03.jpg",
    "zapatilla4.jpg",
    "zapanike2020.jpg",
    "img-product-02.jpg"
  ],
  "stock": 15
}, {
  "id": 71,
  "name": "Fringed Lichen",
  "brand": "Puma",
  "description": "Curabitur gravida nisi at nibh. In hac habitasse platea dictumst. Aliquam augue quam, sollicitudin vitae, consectetuer eget, rutrum at, lorem.\n\nInteger tincidunt ante vel ipsum. Praesent blandit lacinia erat. Vestibulum sed magna at nunc commodo placerat.\n\nPraesent blandit. Nam nulla. Integer pede justo, lacinia eget, tincidunt eget, tempus vel, pede.",
  "gender": "Male",
  "category": [
    "football",
    "tennis",
    "collection"
  ],
  "on-sale": 27,
  "colors": [
    "black",
    "white"
  ],
  "sizes": [
    34,
    35,
    36
  ],
  "price": 6328,
  "image": [
    "img-product-05.jpg",
    "product.jpg",
    "zapatilla3.jpg",
    "zapatilla1.jpg"
  ],
  "stock": 51
}, {
  "id": 72,
  "name": "Orange Fameflower",
  "brand": "New Balance",
  "description": "Sed ante. Vivamus tortor. Duis mattis egestas metus.\n\nAenean fermentum. Donec ut mauris eget massa tempor convallis. Nulla neque libero, convallis eget, eleifend luctus, ultricies eu, nibh.\n\nQuisque id justo sit amet sapien dignissim vestibulum. Vestibulum ante ipsum primis in faucibus orci luctus et ultrices posuere cubilia Curae; Nulla dapibus dolor vel est. Donec odio justo, sollicitudin ut, suscipit a, feugiat et, eros.\n\nVestibulum ac est lacinia nisi venenatis tristique. Fusce congue, diam id ornare imperdiet, sapien urna pretium nisl, ut volutpat sapien arcu sed augue. Aliquam erat volutpat.\n\nIn congue. Etiam justo. Etiam pretium iaculis justo.",
  "gender": "Male",
  "category": [
    "football",
    "tennis",
    "collection",
    "volley"
  ],
  "on-sale": 10,
  "colors": [
    "black",
    "white",
    "yellow",
    "green",
    "gray",
    "red",
    "blue"
  ],
  "sizes": [
    34,
    35,
    36,
    37,
    38,
    39
  ],
  "price": 2847,
  "image": [
    "zapatilla3.jpg",
    "img-product-02.jpg",
    "zapatilla2.jpg",
    "zapatilla1.jpg"
  ],
  "stock": 28
}, {
  "id": 73,
  "name": "Southern Blue Monkshood",
  "brand": "Nike",
  "description": "Duis bibendum. Morbi non quam nec dui luctus rutrum. Nulla tellus.\n\nIn sagittis dui vel nisl. Duis ac nibh. Fusce lacus purus, aliquet at, feugiat non, pretium quis, lectus.\n\nSuspendisse potenti. In eleifend quam a odio. In hac habitasse platea dictumst.",
  "gender": "Male",
  "category": [
    "football",
    "tennis",
    "collection",
    "volley"
  ],
  "on-sale": 1,
  "colors": [
    "black",
    "white",
    "yellow"
  ],
  "sizes": [
    34,
    35,
    36,
    37,
    38,
    39
  ],
  "price": 4632,
  "image": [
    "img-product-03.jpg",
    "img-product-04.jpg",
    "zapatilla2.jpg",
    "img-product-02.jpg"
  ],
  "stock": 28
}, {
  "id": 74,
  "name": "Conglomerate Jelly Lichen",
  "brand": "Puma",
  "description": "In sagittis dui vel nisl. Duis ac nibh. Fusce lacus purus, aliquet at, feugiat non, pretium quis, lectus.",
  "gender": "Female",
  "category": [
    "football"
  ],
  "on-sale": 48,
  "colors": [
    "black",
    "white",
    "yellow"
  ],
  "sizes": [
    34,
    35,
    36,
    37,
    38,
    39,
    40
  ],
  "price": 4674,
  "image": [
    "zapatilla1.jpg",
    "img-product-02.jpg",
    "img-product-01.jpg",
    "zapatilla2.jpg"
  ],
  "stock": 39
}, {
  "id": 75,
  "name": "American Stickseed",
  "brand": "Puma",
  "description": "Integer ac leo. Pellentesque ultrices mattis odio. Donec vitae nisi.",
  "gender": "Male",
  "category": [
    "football"
  ],
  "on-sale": 22,
  "colors": [
    "black",
    "white",
    "yellow",
    "green",
    "gray",
    "red",
    "blue"
  ],
  "sizes": [
    34,
    35,
    36,
    37,
    38,
    39,
    40,
    41,
    42
  ],
  "price": 7141,
  "image": [
    "zapatilla2.jpg",
    "img-product-01.jpg",
    "zapatilla1.jpg",
    "img-product-04.jpg"
  ],
  "stock": 55
}, {
  "id": 76,
  "name": "Dancing-lady Orchid",
  "brand": "New Balance",
  "description": "Maecenas ut massa quis augue luctus tincidunt. Nulla mollis molestie lorem. Quisque ut erat.\n\nCurabitur gravida nisi at nibh. In hac habitasse platea dictumst. Aliquam augue quam, sollicitudin vitae, consectetuer eget, rutrum at, lorem.\n\nInteger tincidunt ante vel ipsum. Praesent blandit lacinia erat. Vestibulum sed magna at nunc commodo placerat.",
  "gender": "Female",
  "category": [
    "football"
  ],
  "on-sale": 36,
  "colors": [
    "black",
    "white",
    "yellow"
  ],
  "sizes": [
    34,
    35
  ],
  "price": 3770,
  "image": [
    "img-product-02.jpg",
    "zapatilla1.jpg",
    "img-product-04.jpg",
    "zapatilla3.jpg"
  ],
  "stock": 73
}, {
  "id": 77,
  "name": "Rugel's Indianplantain",
  "brand": "New Balance",
  "description": "Fusce consequat. Nulla nisl. Nunc nisl.\n\nDuis bibendum, felis sed interdum venenatis, turpis enim blandit mi, in porttitor pede justo eu massa. Donec dapibus. Duis at velit eu est congue elementum.",
  "gender": "Male",
  "category": [
    "football",
    "tennis",
    "collection"
  ],
  "on-sale": 16,
  "colors": [
    "black",
    "white",
    "yellow",
    "green",
    "gray",
    "red",
    "blue"
  ],
  "sizes": [
    34,
    35,
    36,
    37,
    38,
    39,
    40,
    41
  ],
  "price": 3322,
  "image": [
    "zapatilla1.jpg",
    "img-product-04.jpg",
    "zapatilla1.jpg",
    "img-product-02.jpg"
  ],
  "stock": 82
}, {
  "id": 78,
  "name": "Star-grass",
  "brand": "Puma",
  "description": "Morbi non lectus. Aliquam sit amet diam in magna bibendum imperdiet. Nullam orci pede, venenatis non, sodales sed, tincidunt eu, felis.\n\nFusce posuere felis sed lacus. Morbi sem mauris, laoreet ut, rhoncus aliquet, pulvinar sed, nisl. Nunc rhoncus dui vel sem.\n\nSed sagittis. Nam congue, risus semper porta volutpat, quam pede lobortis ligula, sit amet eleifend pede libero quis orci. Nullam molestie nibh in lectus.",
  "gender": "Male",
  "category": [
    "football"
  ],
  "on-sale": 10,
  "colors": [
    "black",
    "white",
    "yellow",
    "green"
  ],
  "sizes": [
    34,
    35,
    36
  ],
  "price": 7194,
  "image": [
    "img-product-04.jpg",
    "zapatilla1.jpg",
    "zapatilla3.jpg",
    "zapatilla4.jpg"
  ],
  "stock": 66
}, {
  "id": 79,
  "name": "Narrowleaf Evening Primrose",
  "brand": "Adidas",
  "description": "Phasellus in felis. Donec semper sapien a libero. Nam dui.\n\nProin leo odio, porttitor id, consequat in, consequat ut, nulla. Sed accumsan felis. Ut at dolor quis odio consequat varius.",
  "gender": "Female",
  "category": [
    "football"
  ],
  "on-sale": 38,
  "colors": [
    "black"
  ],
  "sizes": [
    34,
    35,
    36
  ],
  "price": 4963,
  "image": [
    "zapatilla4.jpg",
    "img-product-01.jpg",
    "img-product-04.jpg",
    "zapatilla1.jpg"
  ],
  "stock": 10
}, {
  "id": 80,
  "name": "Manyawn Pricklyleaf",
  "brand": "Nike",
  "description": "Nullam sit amet turpis elementum ligula vehicula consequat. Morbi a ipsum. Integer a nibh.\n\nIn quis justo. Maecenas rhoncus aliquam lacus. Morbi quis tortor id nulla ultrices aliquet.\n\nMaecenas leo odio, condimentum id, luctus nec, molestie sed, justo. Pellentesque viverra pede ac diam. Cras pellentesque volutpat dui.",
  "gender": "Female",
  "category": [
    "football",
    "tennis",
    "collection",
    "volley",
    "running"
  ],
  "on-sale": 13,
  "colors": [
    "black",
    "white",
    "yellow"
  ],
  "sizes": [
    34,
    35,
    36,
    37,
    38,
    39,
    40,
    41,
    42
  ],
  "price": 3580,
  "image": [
    "zapatilla1.jpg",
    "zapatilla2.jpg",
    "product.jpg",
    "zapanike2020.jpg"
  ],
  "stock": 32
}, {
  "id": 81,
  "name": "Tucker Oak",
  "brand": "Adidas",
  "description": "Mauris enim leo, rhoncus sed, vestibulum sit amet, cursus id, turpis. Integer aliquet, massa id lobortis convallis, tortor risus dapibus augue, vel accumsan tellus nisi eu orci. Mauris lacinia sapien quis libero.\n\nNullam sit amet turpis elementum ligula vehicula consequat. Morbi a ipsum. Integer a nibh.\n\nIn quis justo. Maecenas rhoncus aliquam lacus. Morbi quis tortor id nulla ultrices aliquet.\n\nMaecenas leo odio, condimentum id, luctus nec, molestie sed, justo. Pellentesque viverra pede ac diam. Cras pellentesque volutpat dui.",
  "gender": "Female",
  "category": [
    "football",
    "tennis",
    "collection",
    "volley"
  ],
  "on-sale": 21,
  "colors": [
    "black",
    "white",
    "yellow"
  ],
  "sizes": [
    34,
    35,
    36,
    37
  ],
  "price": 1667,
  "image": [
    "zapatilla3.jpg",
    "zapatilla1.jpg",
    "img-product-02.jpg",
    "img-product-05.jpg"
  ],
  "stock": 56
}, {
  "id": 82,
  "name": "Antilles Clearweed",
  "brand": "Nike",
  "description": "Phasellus in felis. Donec semper sapien a libero. Nam dui.\n\nProin leo odio, porttitor id, consequat in, consequat ut, nulla. Sed accumsan felis. Ut at dolor quis odio consequat varius.\n\nInteger ac leo. Pellentesque ultrices mattis odio. Donec vitae nisi.\n\nNam ultrices, libero non mattis pulvinar, nulla pede ullamcorper augue, a suscipit nulla elit ac nulla. Sed vel enim sit amet nunc viverra dapibus. Nulla suscipit ligula in lacus.\n\nCurabitur at ipsum ac tellus semper interdum. Mauris ullamcorper purus sit amet nulla. Quisque arcu libero, rutrum ac, lobortis vel, dapibus at, diam.",
  "gender": "Female",
  "category": [
    "football",
    "tennis",
    "collection",
    "volley"
  ],
  "on-sale": 15,
  "colors": [
    "black",
    "white",
    "yellow",
    "green"
  ],
  "sizes": [
    34,
    35,
    36,
    37,
    38,
    39,
    40,
    41
  ],
  "price": 2285,
  "image": [
    "img-product-04.jpg",
    "zapanike2020.jpg",
    "zapatilla1.jpg",
    "zapatilla2.jpg"
  ],
  "stock": 67
}, {
  "id": 83,
  "name": "Yampah",
  "brand": "Nike",
  "description": "In hac habitasse platea dictumst. Morbi vestibulum, velit id pretium iaculis, diam erat fermentum justo, nec condimentum neque sapien placerat ante. Nulla justo.",
  "gender": "Female",
  "category": [
    "football",
    "tennis",
    "collection",
    "volley",
    "running"
  ],
  "on-sale": 20,
  "colors": [
    "black",
    "white",
    "yellow"
  ],
  "sizes": [
    34,
    35,
    36,
    37,
    38,
    39,
    40,
    41
  ],
  "price": 8956,
  "image": [
    "img-product-01.jpg",
    "product.jpg",
    "zapatilla4.jpg",
    "zapatilla3.jpg"
  ],
  "stock": 3
}, {
  "id": 84,
  "name": "Fissidens Moss",
  "brand": "Nike",
  "description": "Curabitur gravida nisi at nibh. In hac habitasse platea dictumst. Aliquam augue quam, sollicitudin vitae, consectetuer eget, rutrum at, lorem.\n\nInteger tincidunt ante vel ipsum. Praesent blandit lacinia erat. Vestibulum sed magna at nunc commodo placerat.\n\nPraesent blandit. Nam nulla. Integer pede justo, lacinia eget, tincidunt eget, tempus vel, pede.\n\nMorbi porttitor lorem id ligula. Suspendisse ornare consequat lectus. In est risus, auctor sed, tristique in, tempus sit amet, sem.",
  "gender": "Female",
  "category": [
    "football",
    "tennis",
    "collection",
    "volley",
    "running"
  ],
  "on-sale": 37,
  "colors": [
    "black",
    "white",
    "yellow"
  ],
  "sizes": [
    34,
    35,
    36,
    37,
    38,
    39,
    40,
    41
  ],
  "price": 5410,
  "image": [
    "zapanike2020.jpg",
    "img-product-05.jpg",
    "img-product-04.jpg",
    "zapatilla3.jpg"
  ],
  "stock": 90
}, {
  "id": 85,
  "name": "Asterothyrium Lichen",
  "brand": "Nike",
  "description": "Vestibulum quam sapien, varius ut, blandit non, interdum in, ante. Vestibulum ante ipsum primis in faucibus orci luctus et ultrices posuere cubilia Curae; Duis faucibus accumsan odio. Curabitur convallis.\n\nDuis consequat dui nec nisi volutpat eleifend. Donec ut dolor. Morbi vel lectus in quam fringilla rhoncus.\n\nMauris enim leo, rhoncus sed, vestibulum sit amet, cursus id, turpis. Integer aliquet, massa id lobortis convallis, tortor risus dapibus augue, vel accumsan tellus nisi eu orci. Mauris lacinia sapien quis libero.\n\nNullam sit amet turpis elementum ligula vehicula consequat. Morbi a ipsum. Integer a nibh.\n\nIn quis justo. Maecenas rhoncus aliquam lacus. Morbi quis tortor id nulla ultrices aliquet.",
  "gender": "Female",
  "category": [
    "football"
  ],
  "on-sale": 11,
  "colors": [
    "black"
  ],
  "sizes": [
    34,
    35,
    36,
    37
  ],
  "price": 3185,
  "image": [
    "img-product-05.jpg",
    "img-product-02.jpg",
    "img-product-04.jpg",
    "zapatilla4.jpg"
  ],
  "stock": 57
}, {
  "id": 86,
  "name": "Hillside Broomrape",
  "brand": "Adidas",
  "description": "Aliquam quis turpis eget elit sodales scelerisque. Mauris sit amet eros. Suspendisse accumsan tortor quis turpis.",
  "gender": "Male",
  "category": [
    "football"
  ],
  "on-sale": 44,
  "colors": [
    "black",
    "white",
    "yellow",
    "green",
    "gray",
    "red"
  ],
  "sizes": [
    34,
    35,
    36,
    37
  ],
  "price": 2743,
  "image": [
    "zapatilla1.jpg",
    "zapatilla2.jpg",
    "zapatilla3.jpg",
    "img-product-02.jpg"
  ],
  "stock": 92
}, {
  "id": 87,
  "name": "Urospermum",
  "brand": "Puma",
  "description": "Quisque id justo sit amet sapien dignissim vestibulum. Vestibulum ante ipsum primis in faucibus orci luctus et ultrices posuere cubilia Curae; Nulla dapibus dolor vel est. Donec odio justo, sollicitudin ut, suscipit a, feugiat et, eros.",
  "gender": "Female",
  "category": [
    "football",
    "tennis",
    "collection"
  ],
  "on-sale": 3,
  "colors": [
    "black",
    "white",
    "yellow",
    "green"
  ],
  "sizes": [
    34,
    35,
    36,
    37,
    38,
    39
  ],
  "price": 5238,
  "image": [
    "img-product-05.jpg",
    "zapanike2020.jpg",
    "zapatilla3.jpg",
    "img-product-04.jpg"
  ],
  "stock": 45
}, {
  "id": 88,
  "name": "Parmotremopsis",
  "brand": "New Balance",
  "description": "In congue. Etiam justo. Etiam pretium iaculis justo.\n\nIn hac habitasse platea dictumst. Etiam faucibus cursus urna. Ut tellus.\n\nNulla ut erat id mauris vulputate elementum. Nullam varius. Nulla facilisi.\n\nCras non velit nec nisi vulputate nonummy. Maecenas tincidunt lacus at velit. Vivamus vel nulla eget eros elementum pellentesque.\n\nQuisque porta volutpat erat. Quisque erat eros, viverra eget, congue eget, semper rutrum, nulla. Nunc purus.",
  "gender": "Male",
  "category": [
    "football",
    "tennis",
    "collection",
    "volley",
    "running"
  ],
  "on-sale": 22,
  "colors": [
    "black"
  ],
  "sizes": [
    34,
    35,
    36,
    37,
    38
  ],
  "price": 9003,
  "image": [
    "img-product-03.jpg",
    "img-product-02.jpg",
    "zapatilla1.jpg",
    "img-product-04.jpg"
  ],
  "stock": 62
}, {
  "id": 89,
  "name": "Beechleaf Frangula",
  "brand": "Adidas",
  "description": "Duis consequat dui nec nisi volutpat eleifend. Donec ut dolor. Morbi vel lectus in quam fringilla rhoncus.\n\nMauris enim leo, rhoncus sed, vestibulum sit amet, cursus id, turpis. Integer aliquet, massa id lobortis convallis, tortor risus dapibus augue, vel accumsan tellus nisi eu orci. Mauris lacinia sapien quis libero.\n\nNullam sit amet turpis elementum ligula vehicula consequat. Morbi a ipsum. Integer a nibh.\n\nIn quis justo. Maecenas rhoncus aliquam lacus. Morbi quis tortor id nulla ultrices aliquet.",
  "gender": "Female",
  "category": [
    "football",
    "tennis"
  ],
  "on-sale": 32,
  "colors": [
    "black",
    "white",
    "yellow",
    "green",
    "gray"
  ],
  "sizes": [
    34,
    35,
    36,
    37,
    38
  ],
  "price": 1003,
  "image": [
    "img-product-03.jpg",
    "product.jpg",
    "img-product-01.jpg",
    "img-product-04.jpg"
  ],
  "stock": 77
}, {
  "id": 90,
  "name": "Bedstraw",
  "brand": "New Balance",
  "description": "Cras non velit nec nisi vulputate nonummy. Maecenas tincidunt lacus at velit. Vivamus vel nulla eget eros elementum pellentesque.\n\nQuisque porta volutpat erat. Quisque erat eros, viverra eget, congue eget, semper rutrum, nulla. Nunc purus.\n\nPhasellus in felis. Donec semper sapien a libero. Nam dui.",
  "gender": "Male",
  "category": [
    "football",
    "tennis",
    "collection",
    "volley"
  ],
  "on-sale": 1,
  "colors": [
    "black",
    "white",
    "yellow",
    "green",
    "gray",
    "red"
  ],
  "sizes": [
    34,
    35,
    36,
    37,
    38,
    39,
    40,
    41
  ],
  "price": 8107,
  "image": [
    "zapatilla1.jpg",
    "img-product-03.jpg",
    "img-product-02.jpg",
    "zapatilla4.jpg"
  ],
  "stock": 13
}, {
  "id": 91,
  "name": "Texas Lady's Tresses",
  "brand": "Nike",
  "description": "Proin interdum mauris non ligula pellentesque ultrices. Phasellus id sapien in sapien iaculis congue. Vivamus metus arcu, adipiscing molestie, hendrerit at, vulputate vitae, nisl.\n\nAenean lectus. Pellentesque eget nunc. Donec quis orci eget orci vehicula condimentum.\n\nCurabitur in libero ut massa volutpat convallis. Morbi odio odio, elementum eu, interdum eu, tincidunt in, leo. Maecenas pulvinar lobortis est.\n\nPhasellus sit amet erat. Nulla tempus. Vivamus in felis eu sapien cursus vestibulum.",
  "gender": "Female",
  "category": [
    "football",
    "tennis",
    "collection",
    "volley"
  ],
  "on-sale": 29,
  "colors": [
    "black",
    "white",
    "yellow",
    "green",
    "gray",
    "red",
    "blue"
  ],
  "sizes": [
    34,
    35,
    36,
    37,
    38,
    39,
    40,
    41,
    42
  ],
  "price": 2671,
  "image": [
    "zapatilla3.jpg",
    "zapatilla1.jpg",
    "img-product-01.jpg",
    "img-product-03.jpg"
  ],
  "stock": 45
}, {
  "id": 92,
  "name": "Umbrella Bulrush",
  "brand": "New Balance",
  "description": "Cras mi pede, malesuada in, imperdiet et, commodo vulputate, justo. In blandit ultrices enim. Lorem ipsum dolor sit amet, consectetuer adipiscing elit.\n\nProin interdum mauris non ligula pellentesque ultrices. Phasellus id sapien in sapien iaculis congue. Vivamus metus arcu, adipiscing molestie, hendrerit at, vulputate vitae, nisl.",
  "gender": "Female",
  "category": [
    "football"
  ],
  "on-sale": 42,
  "colors": [
    "black"
  ],
  "sizes": [
    34,
    35,
    36,
    37,
    38,
    39,
    40,
    41,
    42
  ],
  "price": 3158,
  "image": [
    "img-product-02.jpg",
    "zapatilla1.jpg",
    "zapatilla1.jpg",
    "img-product-04.jpg"
  ],
  "stock": 33
}, {
  "id": 93,
  "name": "Tucker Oak",
  "brand": "New Balance",
  "description": "Fusce consequat. Nulla nisl. Nunc nisl.",
  "gender": "Male",
  "category": [
    "football",
    "tennis",
    "collection",
    "volley",
    "running"
  ],
  "on-sale": 44,
  "colors": [
    "black",
    "white",
    "yellow",
    "green"
  ],
  "sizes": [
    34
  ],
  "price": 2469,
  "image": [
    "product.jpg",
    "img-product-01.jpg",
    "img-product-05.jpg",
    "img-product-04.jpg"
  ],
  "stock": 92
}, {
  "id": 94,
  "name": "Harvey's Beaksedge",
  "brand": "Puma",
  "description": "Sed sagittis. Nam congue, risus semper porta volutpat, quam pede lobortis ligula, sit amet eleifend pede libero quis orci. Nullam molestie nibh in lectus.\n\nPellentesque at nulla. Suspendisse potenti. Cras in purus eu magna vulputate luctus.\n\nCum sociis natoque penatibus et magnis dis parturient montes, nascetur ridiculus mus. Vivamus vestibulum sagittis sapien. Cum sociis natoque penatibus et magnis dis parturient montes, nascetur ridiculus mus.\n\nEtiam vel augue. Vestibulum rutrum rutrum neque. Aenean auctor gravida sem.",
  "gender": "Male",
  "category": [
    "football",
    "tennis",
    "collection"
  ],
  "on-sale": 9,
  "colors": [
    "black"
  ],
  "sizes": [
    34,
    35,
    36,
    37,
    38,
    39,
    40
  ],
  "price": 1169,
  "image": [
    "img-product-02.jpg",
    "img-product-01.jpg",
    "img-product-05.jpg",
    "zapatilla1.jpg"
  ],
  "stock": 75
}, {
  "id": 95,
  "name": "Coriander",
  "brand": "New Balance",
  "description": "Duis aliquam convallis nunc. Proin at turpis a pede posuere nonummy. Integer non velit.\n\nDonec diam neque, vestibulum eget, vulputate ut, ultrices vel, augue. Vestibulum ante ipsum primis in faucibus orci luctus et ultrices posuere cubilia Curae; Donec pharetra, magna vestibulum aliquet ultrices, erat tortor sollicitudin mi, sit amet lobortis sapien sapien non mi. Integer ac neque.\n\nDuis bibendum. Morbi non quam nec dui luctus rutrum. Nulla tellus.\n\nIn sagittis dui vel nisl. Duis ac nibh. Fusce lacus purus, aliquet at, feugiat non, pretium quis, lectus.",
  "gender": "Female",
  "category": [
    "football",
    "tennis",
    "collection",
    "volley",
    "running"
  ],
  "on-sale": 5,
  "colors": [
    "black",
    "white",
    "yellow"
  ],
  "sizes": [
    34,
    35
  ],
  "price": 2619,
  "image": [
    "zapatilla1.jpg",
    "product.jpg",
    "zapanike2020.jpg",
    "img-product-05.jpg"
  ],
  "stock": 96
}, {
  "id": 96,
  "name": "Nightblooming Cereus",
  "brand": "New Balance",
  "description": "Fusce consequat. Nulla nisl. Nunc nisl.\n\nDuis bibendum, felis sed interdum venenatis, turpis enim blandit mi, in porttitor pede justo eu massa. Donec dapibus. Duis at velit eu est congue elementum.\n\nIn hac habitasse platea dictumst. Morbi vestibulum, velit id pretium iaculis, diam erat fermentum justo, nec condimentum neque sapien placerat ante. Nulla justo.\n\nAliquam quis turpis eget elit sodales scelerisque. Mauris sit amet eros. Suspendisse accumsan tortor quis turpis.\n\nSed ante. Vivamus tortor. Duis mattis egestas metus.",
  "gender": "Female",
  "category": [
    "football",
    "tennis",
    "collection"
  ],
  "on-sale": 37,
  "colors": [
    "black",
    "white",
    "yellow",
    "green",
    "gray"
  ],
  "sizes": [
    34,
    35,
    36,
    37,
    38,
    39
  ],
  "price": 1178,
  "image": [
    "img-product-03.jpg",
    "zapatilla4.jpg",
    "img-product-05.jpg",
    "img-product-04.jpg"
  ],
  "stock": 5
}, {
  "id": 97,
  "name": "Prostrate Pincushionplant",
  "brand": "Adidas",
  "description": "Quisque porta volutpat erat. Quisque erat eros, viverra eget, congue eget, semper rutrum, nulla. Nunc purus.\n\nPhasellus in felis. Donec semper sapien a libero. Nam dui.\n\nProin leo odio, porttitor id, consequat in, consequat ut, nulla. Sed accumsan felis. Ut at dolor quis odio consequat varius.",
  "gender": "Female",
  "category": [
    "football",
    "tennis",
    "collection",
    "volley"
  ],
  "on-sale": 21,
  "colors": [
    "black",
    "white",
    "yellow"
  ],
  "sizes": [
    34,
    35,
    36
  ],
  "price": 4881,
  "image": [
    "img-product-03.jpg",
    "zapatilla2.jpg",
    "product.jpg",
    "img-product-02.jpg"
  ],
  "stock": 79
}, {
  "id": 98,
  "name": "Southern Mountain Buckwheat",
  "brand": "New Balance",
  "description": "Mauris enim leo, rhoncus sed, vestibulum sit amet, cursus id, turpis. Integer aliquet, massa id lobortis convallis, tortor risus dapibus augue, vel accumsan tellus nisi eu orci. Mauris lacinia sapien quis libero.\n\nNullam sit amet turpis elementum ligula vehicula consequat. Morbi a ipsum. Integer a nibh.\n\nIn quis justo. Maecenas rhoncus aliquam lacus. Morbi quis tortor id nulla ultrices aliquet.",
  "gender": "Female",
  "category": [
    "football",
    "tennis",
    "collection"
  ],
  "on-sale": 8,
  "colors": [
    "black",
    "white",
    "yellow",
    "green",
    "gray",
    "red",
    "blue"
  ],
  "sizes": [
    34,
    35,
    36,
    37,
    38,
    39,
    40,
    41
  ],
  "price": 3609,
  "image": [
    "img-product-01.jpg",
    "img-product-05.jpg",
    "zapatilla2.jpg",
    "zapatilla1.jpg"
  ],
  "stock": 4
}, {
  "id": 99,
  "name": "Hypopterygium Moss",
  "brand": "Puma",
  "description": "Quisque id justo sit amet sapien dignissim vestibulum. Vestibulum ante ipsum primis in faucibus orci luctus et ultrices posuere cubilia Curae; Nulla dapibus dolor vel est. Donec odio justo, sollicitudin ut, suscipit a, feugiat et, eros.\n\nVestibulum ac est lacinia nisi venenatis tristique. Fusce congue, diam id ornare imperdiet, sapien urna pretium nisl, ut volutpat sapien arcu sed augue. Aliquam erat volutpat.",
  "gender": "Female",
  "category": [
    "football",
    "tennis",
    "collection"
  ],
  "on-sale": 34,
  "colors": [
    "black"
  ],
  "sizes": [
    34,
    35,
    36
  ],
  "price": 7961,
  "image": [
    "img-product-01.jpg",
    "zapatilla2.jpg",
    "zapatilla1.jpg",
    "zapanike2020.jpg"
  ],
  "stock": 92
}, {
  "id": 100,
  "name": "Slender Poreleaf",
  "brand": "Puma",
  "description": "Nullam sit amet turpis elementum ligula vehicula consequat. Morbi a ipsum. Integer a nibh.",
  "gender": "Female",
  "category": [
    "football",
    "tennis",
    "collection",
    "volley",
    "running"
  ],
  "on-sale": 21,
  "colors": [
    "black",
    "white",
    "yellow",
    "green",
    "gray",
    "red",
    "blue"
  ],
  "sizes": [
    34,
    35,
    36,
    37,
    38
  ],
  "price": 3630,
  "image": [
    "product.jpg",
    "zapatilla1.jpg",
    "zapatilla1.jpg",
    "zapatilla2.jpg"
  ],
  "stock": 43
}]