[
 {
  "id": 1,
  "first_name": "Cary",
  "last_name": "Sangwin",
  "email": "csangwin0@t.co",
  "phone": 62101335525,
  "address": {
   "address": "Av. Siempreviva 123",
   "city": "Buenos Aires",
   "state": "Buenos Aires",
   "postal_code": 5555
  },
  "password": "BqrQiyCxG",
  "category": "user",
  "image": "user_1.jpg",
  "favorites": [
   1,
   5,
   0
  ]
 },
 {
  "id": 2,
  "first_name": "Edwin edited",
  "last_name": "Missington",
  "email": "emissington1@ebay.co.uk",
  "phone": 33552562101,
  "address": {
   "address": "Av. Pellegrini 222",
   "city": "Chaco",
   "state": "Chaco",
   "postal_code": 4212
  },
  "password": "$2b$10$BuwYZYqDQwpabrOqsUZnd.gxfqiOEOo6dwgQkQA5820UglVmsMM7K",
  "category": "admin",
  "image": "user_2.jpg",
  "favorites": [
   1,
   5,
   0
  ]
 },
 {
  "name": "Juan",
  "lastname": "Shoes",
  "email": "juan@shoes.com",
  "phone-number": "123456789",
  "password": "$2b$10$wemUGCv7edYscxpybQw3YeBgW7do1hx.BRu7Z3grIiisC17TI8Obe",
  "passwordConfirm": "",
  "image": "default-profile.png"
 },
 {
  "name": "Matias",
  "lastname": "Vieira",
  "email": "vieiramatias@hotmail.com",
  "phone-number": "3434465390",
  "password": "$2b$10$rG6306g5z26b0UtuA06zzubWBMVWuTS1NVIeTh8Ad6ot38f7eZyri",
  "passwordConfirm": "",
  "category": "admin",
  "image": "default-profile.png"
 },
 {
  "name": "Prueba",
  "lastname": "1234",
  "user": "prueba@prueba.com",
  "phone-number": "1234",
  "password": "$2b$10$R6I6RSD0KSZ9yIE38zpEZOwImr.v60IAe1rOub.Ox/OVY11ewPsJm",
  "passwordConfirm": "",
  "image": "default-profile.png"
 },
 {
  "name": "Prueba2",
  "lastname": "1234",
  "user": "prueba2@prueba.com",
  "phone-number": "1234",
  "password": "$2b$10$2ECtMhoY39ChNhj6gwJ1E./YX5B9Q2m/diNM2.YqKKQZWi7SqTGNC",
  "passwordConfirm": "",
  "image": "default-profile.png"
 },
 {
  "name": "Prueba",
  "lastname": "1234",
  "email": "prueba3@prueba.com",
  "phone-number": "1234",
  "password": "$2b$10$snA2DduyTfbn1cWkDRxU..teT9HnzU2LBkoLS2R/6xxcKTyKZV0Nu",
  "passwordConfirm": "",
  "image": "default-profile.png"
 },
 {
  "name": "Prueba ",
  "lastname": "Ultima",
  "email": "prueba123@prueba.com",
  "phone-number": "123",
  "password": "$2b$10$poENnvWIOnuQFXPdTZBSFuocGCOFbzuPno1Q7D9pu3Lr1weD1th2e",
  "passwordConfirm": "",
  "image": "default-profile.png"
 },
 {
  "name": "Pepito",
  "lastname": "Pepitoso",
  "email": "pepito@hotmail.com",
  "phone-number": "1234567",
  "password": "$2b$10$foM1jbM7X.DxWxU2BB2g5OK3jWrf3ogwaejymB30.G/4/nuNtXnNa",
  "passwordConfirm": "",
  "category": "admin",
  "image": "default-profile.png"
 }
]